,PassengerId,Survived,Pclass,Name,Sex,Age,SibSp,Parch,Ticket,Fare,Cabin,Embarked,Family
0,1,0,3,2,0,-0.5484327954540067,1,0,A/5 21171,7.25,0,2,0.059159876663617696
1,2,1,1,3,1,0.6336961702131136,1,0,PC 17599,71.2833,C85,0,0.059159876663617696
2,3,1,3,1,1,-0.25290055403722667,0,0,STON/O2. 3101282,7.925,0,2,-0.5609748304808925
3,4,1,1,3,1,0.41204698915052856,1,0,113803,53.1,C123,2,0.059159876663617696
4,5,0,3,2,0,0.41204698915052856,0,0,373450,8.05,0,2,-0.5609748304808925
5,6,0,3,2,0,-0.05157728040832834,0,0,330877,8.4583,0,1,-0.5609748304808925
6,7,0,1,2,0,1.815825135880234,0,0,17463,51.8625,E46,2,-0.5609748304808925
7,8,0,3,0,0,-2.0260940025379073,3,1,349909,21.075,0,2,1.9195639980971482
8,9,1,3,3,1,-0.17901749368303163,0,2,347742,11.1333,0,2,0.6792945838081278
9,10,1,2,3,1,-1.139497278287567,1,0,237736,30.0708,0,0,0.059159876663617696
10,11,1,3,1,1,-1.878327881829517,1,1,PP 9549,16.7,G6,2,0.6792945838081278
11,12,1,1,1,1,2.111357377297014,0,0,113783,26.55,C103,2,-0.5609748304808925
12,13,0,3,2,0,-0.6961989161623968,0,0,A/5. 2151,8.05,0,2,-0.5609748304808925
13,14,0,3,2,0,0.7075792305673086,1,5,347082,31.275,0,2,3.1598334123861687
14,15,0,3,1,1,-1.139497278287567,0,0,350406,7.8542,0,2,-0.5609748304808925
15,16,1,2,3,1,1.889708196234429,0,0,248706,16.0,0,2,-0.5609748304808925
16,17,0,3,0,0,-2.0260940025379073,4,1,382652,29.125,0,1,2.5396987052416584
17,18,1,2,2,0,0.24716162275031267,0,0,244373,13.0,0,2,-0.5609748304808925
18,19,0,3,3,1,0.11651474773374847,1,0,345763,18.0,0,2,0.059159876663617696
19,20,1,3,3,1,0.30234183892763294,0,0,2649,7.225,0,0,-0.5609748304808925
20,21,0,2,2,0,0.41204698915052856,0,0,239865,26.0,0,2,-0.5609748304808925
21,22,1,2,2,0,0.33816392879633356,0,0,248698,13.0,D56,2,-0.5609748304808925
22,23,1,3,1,1,-1.0656142179333719,0,0,330923,8.0292,0,1,-0.5609748304808925
23,24,1,1,2,0,-0.1051344333288366,0,0,113788,35.5,A6,2,-0.5609748304808925
24,25,0,3,1,1,-1.582795640412737,3,1,349909,21.075,0,2,1.9195639980971482
25,26,1,3,3,1,0.6336961702131136,1,5,347077,31.3875,0,2,3.1598334123861687
26,27,0,3,2,0,-0.05157728040832834,0,0,2631,7.225,0,0,-0.5609748304808925
27,28,0,1,2,0,-0.7700819765165918,3,2,19950,263.0,C23 C25 C27,2,2.5396987052416584
28,29,1,3,1,1,-0.9826296211587325,0,0,330959,7.8792,0,1,-0.5609748304808925
29,30,0,3,2,0,-0.05157728040832834,0,0,349216,7.8958,0,2,-0.5609748304808925
30,31,0,1,4,0,0.7814622909215037,0,0,PC 17601,27.7208,0,0,-0.5609748304808925
31,32,1,1,3,1,0.8466532265281463,1,0,PC 17569,146.5208,B78,0,0.059159876663617696
32,33,1,3,1,1,-0.9826296211587325,0,0,335677,7.75,0,1,-0.5609748304808925
33,34,0,2,2,0,2.702421860130574,0,0,C.A. 24579,10.5,0,2,-0.5609748304808925
34,35,0,1,2,0,-0.1051344333288366,1,0,PC 17604,82.1708,0,0,0.059159876663617696
35,36,0,1,2,0,0.9292284116298937,1,0,113789,52.0,0,2,0.059159876663617696
36,37,1,3,2,0,-0.05157728040832834,0,0,2677,7.2292,0,0,-0.5609748304808925
37,38,0,3,2,0,-0.6223158558082017,0,0,A./5. 2152,8.05,0,2,-0.5609748304808925
38,39,0,3,1,1,-0.8439650368707868,2,0,345764,18.0,0,2,0.6792945838081278
39,40,1,3,1,1,-1.139497278287567,1,0,2651,11.2417,0,0,0.059159876663617696
40,41,0,3,3,1,0.7814622909215037,1,0,7546,9.475,0,2,0.059159876663617696
41,42,0,2,3,1,-0.17901749368303163,1,0,11668,21.0,0,2,0.059159876663617696
42,43,0,3,2,0,-0.05157728040832834,0,0,349253,7.8958,0,0,-0.5609748304808925
43,44,1,2,1,1,-1.9522109421837122,1,2,SC/Paris 2123,41.5792,0,0,1.299429290952638
44,45,1,3,1,1,-0.7700819765165918,0,0,330958,7.8792,0,1,-0.5609748304808925
45,46,0,3,2,0,-0.05157728040832834,0,0,S.C./A.4. 23567,8.05,0,2,-0.5609748304808925
46,47,0,3,2,0,-0.05157728040832834,1,0,370371,15.5,0,1,0.059159876663617696
47,48,1,3,1,1,-0.9826296211587325,0,0,14311,7.75,0,1,-0.5609748304808925
48,49,0,3,2,0,-0.05157728040832834,2,0,2662,21.6792,0,0,0.6792945838081278
49,50,0,3,3,1,-0.8439650368707868,1,0,349237,17.8,0,2,0.059159876663617696
50,51,0,3,0,0,-1.6566787007669321,4,1,3101295,39.6875,0,2,2.5396987052416584
51,52,0,3,2,0,-0.6223158558082017,0,0,A/4. 39886,7.8,0,2,-0.5609748304808925
52,53,1,1,3,1,1.4464098341092588,1,0,PC 17572,76.7292,D33,0,0.059159876663617696
53,54,1,2,3,1,-0.031251372974641575,1,0,2926,26.0,0,2,0.059159876663617696
54,55,0,1,2,0,2.628538799776379,0,1,113509,61.9792,B30,0,0.059159876663617696
55,56,1,1,2,0,0.8982314955042832,0,0,19947,35.5,C52,2,-0.5609748304808925
56,57,1,2,1,1,-0.6223158558082017,0,0,C.A. 31026,10.5,0,2,-0.5609748304808925
57,58,0,3,2,0,-0.06819290315173908,0,0,2697,7.2292,0,0,-0.5609748304808925
58,59,1,2,1,1,-1.8044448214753221,1,2,C.A. 34651,27.75,0,2,1.299429290952638
59,60,0,3,0,0,-1.3611464593501519,5,2,CA 2144,46.9,0,2,3.779968119530679
60,61,0,3,2,0,-0.5484327954540067,0,0,2669,7.2292,0,0,-0.5609748304808925
61,62,1,1,1,1,0.6336961702131136,0,0,113572,80.0,B28,2,-0.5609748304808925
62,63,0,1,2,0,1.1508775926924788,1,0,36973,83.475,C83,2,0.059159876663617696
63,64,0,3,0,0,-1.878327881829517,3,2,347088,27.9,0,2,2.5396987052416584
64,65,0,1,2,0,0.8982314955042832,0,0,PC 17605,27.7208,0,0,-0.5609748304808925
65,66,1,3,0,0,-1.778524181134392,1,1,2661,15.2458,0,0,0.6792945838081278
66,67,1,2,3,1,-0.031251372974641575,0,0,C.A. 29395,10.5,F33,2,-0.5609748304808925
67,68,0,3,2,0,-0.7700819765165918,0,0,S.P. 3464,8.1583,0,2,-0.5609748304808925
68,69,1,3,1,1,-0.9178480972249818,4,2,3101281,7.925,0,2,3.1598334123861687
69,70,0,3,2,0,-0.25290055403722667,2,0,315151,8.6625,0,2,0.6792945838081278
70,71,0,2,2,0,0.1903978080879435,0,0,C.A. 33111,10.5,0,2,-0.5609748304808925
71,72,0,3,1,1,-0.9917311575791768,5,2,CA 2144,46.9,0,2,3.779968119530679
72,73,0,2,2,0,-0.6223158558082017,0,0,S.O.C. 14879,73.5,0,2,-0.5609748304808925
73,74,0,3,2,0,-0.25290055403722667,1,0,2680,14.4542,0,0,0.059159876663617696
74,75,1,3,2,0,0.1903978080879435,0,0,1601,56.4958,0,2,-0.5609748304808925
75,76,0,3,2,0,-0.3267836143914217,0,0,348123,7.65,F G73,2,-0.5609748304808925
76,77,0,3,2,0,-0.05157728040832834,0,0,349208,7.8958,0,2,-0.5609748304808925
77,78,0,3,2,0,-0.05157728040832834,0,0,374746,8.05,0,2,-0.5609748304808925
78,79,1,2,0,0,-2.1125371831523156,0,2,248738,29.0,0,2,0.6792945838081278
79,80,1,3,1,1,0.042631687379553446,0,0,364516,12.475,0,2,-0.5609748304808925
80,81,0,3,2,0,-0.5484327954540067,0,0,345767,9.0,0,2,-0.5609748304808925
81,82,1,3,2,0,-0.031251372974641575,0,0,345779,9.5,0,2,-0.5609748304808925
82,83,1,3,1,1,-0.9826296211587325,0,0,330932,7.7875,0,1,-0.5609748304808925
83,84,0,1,2,0,-0.1051344333288366,0,0,113059,47.1,0,2,-0.5609748304808925
84,85,1,2,1,1,-0.9178480972249818,0,0,SO/C 14885,10.5,0,2,-0.5609748304808925
85,86,1,3,3,1,0.2642808684421385,3,0,3101278,15.85,0,2,1.299429290952638
86,87,0,3,2,0,-0.9917311575791768,1,3,W./C. 6608,34.375,0,2,1.9195639980971482
87,88,0,3,2,0,-0.05157728040832834,0,0,SOTON/OQ 392086,8.05,0,2,-0.5609748304808925
88,89,1,1,1,1,-0.4745497350998117,3,2,19950,263.0,C23 C25 C27,2,2.5396987052416584
89,90,0,3,2,0,-0.4006666747456167,0,0,343275,8.05,0,2,-0.5609748304808925
90,91,0,3,2,0,-0.031251372974641575,0,0,343276,8.05,0,2,-0.5609748304808925
91,92,0,3,2,0,-0.6961989161623968,0,0,347466,7.8542,0,2,-0.5609748304808925
92,93,0,1,2,0,1.2247606530466737,1,0,W.E.P. 5734,61.175,E31,2,0.059159876663617696
93,94,0,3,2,0,-0.25290055403722667,1,2,C.A. 2315,20.575,0,2,1.299429290952638
94,95,0,3,2,0,2.185240437651209,0,0,364500,7.25,0,2,-0.5609748304808925
95,96,0,3,2,0,-0.05157728040832834,0,0,374910,8.05,0,2,-0.5609748304808925
96,97,0,1,2,0,3.071837161901549,0,0,PC 17754,34.6542,A5,0,-0.5609748304808925
97,98,1,1,2,0,-0.4745497350998117,0,1,PC 17759,63.3583,D10 D12,0,0.059159876663617696
98,99,1,2,3,1,0.33816392879633356,0,1,231919,23.0,0,2,0.059159876663617696
99,100,0,2,2,0,0.33816392879633356,1,0,244367,26.0,0,2,0.059159876663617696
100,101,0,3,1,1,-0.1051344333288366,0,0,349245,7.8958,0,2,-0.5609748304808925
101,102,0,3,2,0,-0.05157728040832834,0,0,349215,7.8958,0,2,-0.5609748304808925
102,103,0,1,2,0,-0.6223158558082017,0,1,35281,77.2875,D26,2,0.059159876663617696
103,104,0,3,2,0,0.2642808684421385,0,0,7540,8.6542,0,2,-0.5609748304808925
104,105,0,3,2,0,0.5598131098589186,2,0,3101276,7.925,0,2,0.6792945838081278
105,106,0,3,2,0,-0.1051344333288366,0,0,349207,7.8958,0,2,-0.5609748304808925
106,107,1,3,1,1,-0.6223158558082017,0,0,343120,7.65,0,2,-0.5609748304808925
107,108,1,3,2,0,-0.05157728040832834,0,0,312991,7.775,0,2,-0.5609748304808925
108,109,0,3,2,0,0.6336961702131136,0,0,349249,7.8958,0,2,-0.5609748304808925
109,110,1,3,1,1,-0.9826296211587325,1,0,371110,24.15,0,1,0.059159876663617696
110,111,0,1,2,0,1.2986437134008688,0,0,110465,52.0,C110,2,-0.5609748304808925
111,112,0,3,1,1,-1.1025557481104693,1,0,2665,14.4542,0,0,0.059159876663617696
112,113,0,3,2,0,-0.5484327954540067,0,0,324669,8.05,0,2,-0.5609748304808925
113,114,0,3,1,1,-0.6961989161623968,1,0,4136,9.825,0,2,0.059159876663617696
114,115,0,3,1,1,-0.9178480972249818,0,0,2627,14.4583,0,0,-0.5609748304808925
115,116,0,3,2,0,-0.6223158558082017,0,0,STON/O 2. 3101294,7.925,0,2,-0.5609748304808925
116,117,0,3,2,0,3.0348956317244515,0,0,370369,7.75,0,1,-0.5609748304808925
117,118,0,2,2,0,-0.031251372974641575,1,0,11668,21.0,0,2,0.059159876663617696
118,119,0,1,2,0,-0.4006666747456167,0,1,PC 17558,247.5208,B58 B60,0,0.059159876663617696
119,120,0,3,1,1,-2.0260940025379073,4,2,347082,31.275,0,2,3.1598334123861687
120,121,0,2,2,0,-0.6223158558082017,2,0,S.O.C. 14879,73.5,0,2,0.6792945838081278
121,122,0,3,2,0,-0.05157728040832834,0,0,A4. 54510,8.05,0,2,-0.5609748304808925
122,123,0,2,2,0,0.227339338265041,1,0,237736,30.0708,0,0,0.059159876663617696
123,124,1,2,1,1,0.227339338265041,0,0,27267,13.0,E101,2,-0.5609748304808925
124,125,0,1,2,0,1.815825135880234,0,1,35281,77.2875,D26,2,0.059159876663617696
125,126,1,3,0,0,-1.287263398995957,1,0,2651,11.2417,0,0,0.059159876663617696
126,127,0,3,2,0,-0.05157728040832834,0,0,370372,7.75,0,1,-0.5609748304808925
127,128,1,3,2,0,-0.4006666747456167,0,0,C 17369,7.1417,0,2,-0.5609748304808925
128,129,1,3,1,1,-0.9826296211587325,1,1,2668,22.3583,F E69,0,0.6792945838081278
129,130,0,3,2,0,1.1508775926924788,0,0,347061,6.975,0,2,-0.5609748304808925
130,131,0,3,2,0,0.2642808684421385,0,0,349241,7.8958,0,0,-0.5609748304808925
131,132,0,3,2,0,-0.6961989161623968,0,0,SOTON/O.Q. 3101307,7.05,0,2,-0.5609748304808925
132,133,0,3,3,1,1.2986437134008688,1,0,A/5. 3337,14.5,0,2,0.059159876663617696
133,134,1,2,3,1,-0.031251372974641575,1,0,228414,26.0,0,2,0.059159876663617696
134,135,0,2,2,0,-0.3267836143914217,0,0,C.A. 29178,13.0,0,2,-0.5609748304808925
135,136,0,2,2,0,-0.4745497350998117,0,0,SC/PARIS 2133,15.0458,0,0,-0.5609748304808925
136,137,1,1,1,1,-0.7700819765165918,0,2,11752,26.2833,D47,2,0.6792945838081278
137,138,0,1,2,0,0.5598131098589186,1,0,113803,53.1,C123,2,0.059159876663617696
138,139,0,3,2,0,-0.9917311575791768,0,0,7534,9.2167,0,2,-0.5609748304808925
139,140,0,1,2,0,-0.4006666747456167,0,0,PC 17593,79.2,B86,0,-0.5609748304808925
140,141,0,3,3,1,0.30234183892763294,0,2,2678,15.2458,0,0,0.6792945838081278
141,142,1,3,1,1,-0.5484327954540067,0,0,347081,7.75,0,2,-0.5609748304808925
142,143,1,3,3,1,-0.4006666747456167,1,0,STON/O2. 3101279,15.85,0,2,0.059159876663617696
143,144,0,3,2,0,-0.7700819765165918,0,0,365222,6.75,0,1,-0.5609748304808925
144,145,0,2,2,0,-0.8439650368707868,0,0,231945,11.5,0,2,-0.5609748304808925
145,146,0,2,2,0,-0.7700819765165918,1,1,C.A. 33112,36.75,0,2,0.6792945838081278
146,147,1,3,2,0,-0.17901749368303163,0,0,350043,7.7958,0,2,-0.5609748304808925
147,148,0,3,1,1,-1.5089125800585421,2,2,W./C. 6608,34.375,0,2,1.9195639980971482
148,149,0,2,2,0,0.5228715796818211,0,2,230080,26.0,F2,2,0.6792945838081278
149,150,0,2,4,0,0.9292284116298937,0,0,244310,13.0,0,2,-0.5609748304808925
150,151,0,2,4,0,1.5941759548176488,0,0,S.O.P. 1166,12.525,0,2,-0.5609748304808925
151,152,1,1,3,1,-0.5484327954540067,1,0,113776,66.6,C2,2,0.059159876663617696
152,153,0,3,2,0,1.9266497264115265,0,0,A.5. 11206,8.05,0,2,-0.5609748304808925
153,154,0,3,2,0,0.8184038210986012,0,2,A/5. 851,14.5,0,2,0.6792945838081278
154,155,0,3,2,0,-0.05157728040832834,0,0,Fa 265302,7.3125,0,2,-0.5609748304808925
155,156,0,1,2,0,1.5941759548176488,0,1,PC 17597,61.3792,0,0,0.059159876663617696
156,157,1,3,1,1,-0.9917311575791768,0,0,35851,7.7333,0,1,-0.5609748304808925
157,158,0,3,2,0,0.042631687379553446,0,0,SOTON/OQ 392090,8.05,0,2,-0.5609748304808925
158,159,0,3,2,0,-0.05157728040832834,0,0,315037,8.6625,0,2,-0.5609748304808925
159,160,0,3,0,0,-1.778524181134392,8,2,CA. 2343,69.55,0,2,5.64037224096421
160,161,0,3,2,0,1.0769945323382837,0,1,371362,16.1,0,2,0.059159876663617696
161,162,1,2,3,1,0.7814622909215037,0,0,C.A. 33595,15.75,0,2,-0.5609748304808925
162,163,0,3,2,0,-0.25290055403722667,0,0,347068,7.775,0,2,-0.5609748304808925
163,164,0,3,2,0,-0.9178480972249818,0,0,315093,8.6625,0,2,-0.5609748304808925
164,165,0,3,0,0,-2.099977062892102,4,1,3101295,39.6875,0,2,2.5396987052416584
165,166,1,3,0,0,-1.5089125800585421,0,2,363291,20.525,0,2,0.6792945838081278
166,167,1,1,3,1,0.8466532265281463,0,1,113505,55.0,E33,2,0.059159876663617696
167,168,0,3,3,1,1.1508775926924788,1,4,347088,27.9,0,2,2.5396987052416584
168,169,0,1,2,0,0.8982314955042832,0,0,PC 17318,25.925,0,2,-0.5609748304808925
169,170,0,3,2,0,-0.1051344333288366,0,0,1601,56.4958,0,2,-0.5609748304808925
170,171,0,1,2,0,2.333006558359599,0,0,111240,33.5,B19,2,-0.5609748304808925
171,172,0,3,0,0,-1.878327881829517,4,1,382652,29.125,0,1,2.5396987052416584
172,173,1,3,1,1,-2.099977062892102,1,1,347742,11.1333,0,2,0.6792945838081278
173,174,0,3,2,0,-0.6223158558082017,0,0,STON/O 2. 3101280,7.925,0,2,-0.5609748304808925
174,175,0,1,2,0,1.963591256588624,0,0,17764,30.6958,A7,0,-0.5609748304808925
175,176,0,3,2,0,-0.8439650368707868,1,1,350404,7.8542,0,2,0.6792945838081278
176,177,0,3,0,0,-1.778524181134392,3,1,4133,25.4667,0,2,1.9195639980971482
177,178,0,1,1,1,1.520292894463454,0,0,PC 17595,28.7125,C49,0,-0.5609748304808925
178,179,0,2,2,0,0.042631687379553446,0,0,250653,13.0,0,2,-0.5609748304808925
179,180,0,3,2,0,0.48593004950472357,0,0,LINE,0.0,0,2,-0.5609748304808925
180,181,0,3,1,1,-0.9826296211587325,8,2,CA. 2343,69.55,0,2,5.64037224096421
181,182,0,2,2,0,0.24716162275031267,0,0,SC/PARIS 2131,15.05,0,0,-0.5609748304808925
182,183,0,3,0,0,-1.5089125800585421,4,2,347077,31.3875,0,2,3.1598334123861687
183,184,1,2,0,0,-2.099977062892102,2,1,230136,39.0,F4,2,1.299429290952638
184,185,1,3,1,1,-1.878327881829517,0,2,315153,22.025,0,2,0.6792945838081278
185,186,0,1,2,0,0.8982314955042832,0,0,113767,50.0,A32,2,-0.5609748304808925
186,187,1,3,3,1,0.30234183892763294,1,0,370365,15.5,0,1,0.059159876663617696
187,188,1,1,2,0,1.1508775926924788,0,0,111428,26.55,0,2,-0.5609748304808925
188,189,0,3,2,0,0.7814622909215037,1,1,364849,15.5,0,1,0.6792945838081278
189,190,0,3,2,0,0.48593004950472357,0,0,349247,7.8958,0,2,-0.5609748304808925
190,191,1,2,3,1,0.1903978080879435,0,0,234604,13.0,0,2,-0.5609748304808925
191,192,0,2,2,0,-0.7700819765165918,0,0,28424,13.0,0,2,-0.5609748304808925
192,193,1,3,1,1,-0.7700819765165918,1,0,350046,7.8542,0,2,0.059159876663617696
193,194,1,2,0,0,-1.9522109421837122,1,1,230080,26.0,F2,2,0.6792945838081278
194,195,1,1,3,1,1.0769945323382837,0,0,PC 17610,27.7208,B4,0,-0.5609748304808925
195,196,1,1,1,1,2.111357377297014,0,0,PC 17569,146.5208,B80,0,-0.5609748304808925
196,197,0,3,2,0,-0.05157728040832834,0,0,368703,7.75,0,1,-0.5609748304808925
197,198,0,3,2,0,0.9292284116298937,0,1,4579,8.4042,0,2,0.059159876663617696
198,199,1,3,1,1,-0.9826296211587325,0,0,370370,7.75,0,1,-0.5609748304808925
199,200,0,2,1,1,-0.4006666747456167,0,0,248747,13.0,0,2,-0.5609748304808925
200,201,0,3,2,0,-0.1051344333288366,0,0,345770,9.5,0,2,-0.5609748304808925
201,202,0,3,2,0,-0.05157728040832834,8,2,CA. 2343,69.55,0,2,5.64037224096421
202,203,0,3,2,0,0.33816392879633356,0,0,3101264,6.4958,0,2,-0.5609748304808925
203,204,0,3,2,0,1.1878191228695762,0,0,2628,7.225,0,0,-0.5609748304808925
204,205,1,3,2,0,-0.8439650368707868,0,0,A/5 3540,8.05,0,2,-0.5609748304808925
205,206,0,3,1,1,-2.0260940025379073,0,1,347054,10.4625,G6,2,0.059159876663617696
206,207,0,3,2,0,0.1903978080879435,1,0,3101278,15.85,0,2,0.059159876663617696
207,208,1,3,2,0,-0.25290055403722667,0,0,2699,18.7875,0,0,-0.5609748304808925
208,209,1,3,1,1,-0.9917311575791768,0,0,367231,7.75,0,1,-0.5609748304808925
209,210,1,1,2,0,0.7814622909215037,0,0,112277,31.0,A31,0,-0.5609748304808925
210,211,0,3,2,0,-0.4006666747456167,0,0,SOTON/O.Q. 3101311,7.05,0,2,-0.5609748304808925
211,212,1,2,1,1,0.41204698915052856,0,0,F.C.C. 13528,21.0,0,2,-0.5609748304808925
212,213,0,3,2,0,-0.5484327954540067,0,0,A/5 21174,7.25,0,2,-0.5609748304808925
213,214,0,2,2,0,0.042631687379553446,0,0,250646,13.0,0,2,-0.5609748304808925
214,215,0,3,2,0,-0.05157728040832834,1,0,367229,7.75,0,1,0.059159876663617696
215,216,1,1,1,1,0.11651474773374847,1,0,35273,113.275,D36,0,0.059159876663617696
216,217,1,3,1,1,-0.17901749368303163,0,0,STON/O2. 3101283,7.925,0,2,-0.5609748304808925
217,218,0,2,2,0,0.9292284116298937,1,0,243847,27.0,0,2,0.059159876663617696
218,219,1,1,1,1,0.1903978080879435,0,0,11813,76.2917,D15,0,-0.5609748304808925
219,220,0,2,2,0,0.042631687379553446,0,0,W/C 14208,10.5,0,2,-0.5609748304808925
220,221,1,3,2,0,-0.9917311575791768,0,0,SOTON/OQ 392089,8.05,0,2,-0.5609748304808925
221,222,0,2,2,0,-0.17901749368303163,0,0,220367,13.0,0,2,-0.5609748304808925
222,223,0,3,2,0,1.5941759548176488,0,0,21440,8.05,0,2,-0.5609748304808925
223,224,0,3,2,0,-0.05157728040832834,0,0,349234,7.8958,0,2,-0.5609748304808925
224,225,1,1,2,0,0.6336961702131136,1,0,19943,90.0,C93,2,0.059159876663617696
225,226,0,3,2,0,-0.5484327954540067,0,0,PP 4348,9.35,0,2,-0.5609748304808925
226,227,1,2,2,0,-0.7700819765165918,0,0,SW/PP 751,10.5,0,2,-0.5609748304808925
227,228,0,3,2,0,-0.6592573859852993,0,0,A/5 21173,7.25,0,2,-0.5609748304808925
228,229,0,2,2,0,-0.8439650368707868,0,0,236171,13.0,0,2,-0.5609748304808925
229,230,0,3,1,1,-0.9826296211587325,3,1,4133,25.4667,0,2,1.9195639980971482
230,231,1,1,3,1,0.41204698915052856,1,0,36973,83.475,C83,2,0.059159876663617696
231,232,0,3,2,0,-0.031251372974641575,0,0,347067,7.775,0,2,-0.5609748304808925
232,233,0,2,2,0,2.185240437651209,0,0,237442,13.5,0,2,-0.5609748304808925
233,234,1,3,1,1,-1.8044448214753221,4,2,347077,31.3875,0,2,3.1598334123861687
234,235,0,2,2,0,-0.4006666747456167,0,0,C.A. 29566,10.5,0,2,-0.5609748304808925
235,236,0,3,1,1,-0.9826296211587325,0,0,W./C. 6609,7.55,0,2,-0.5609748304808925
236,237,0,2,2,0,1.0769945323382837,1,0,26707,26.0,0,2,0.059159876663617696
237,238,1,2,1,1,-1.582795640412737,0,2,C.A. 31921,26.25,0,2,0.6792945838081278
238,239,0,2,2,0,-0.7700819765165918,0,0,28665,10.5,0,2,-0.5609748304808925
239,240,0,2,2,0,0.2642808684421385,0,0,SCO/W 1585,12.275,0,2,-0.5609748304808925
240,241,0,3,1,1,-0.9826296211587325,1,0,2665,14.4542,0,0,0.059159876663617696
241,242,1,3,1,1,-0.9826296211587325,1,0,367230,15.5,0,1,0.059159876663617696
242,243,0,2,2,0,-0.031251372974641575,0,0,W./C. 14263,10.5,0,2,-0.5609748304808925
243,244,0,3,2,0,-0.5484327954540067,0,0,STON/O 2. 3101275,7.125,0,2,-0.5609748304808925
244,245,0,3,2,0,0.042631687379553446,0,0,2694,7.225,0,0,-0.5609748304808925
245,246,0,1,4,0,1.0769945323382837,2,0,19928,90.0,C78,1,0.6792945838081278
246,247,0,3,1,1,-0.3267836143914217,0,0,347071,7.775,0,2,-0.5609748304808925
247,248,1,2,3,1,-0.4006666747456167,0,2,250649,14.5,0,2,0.6792945838081278
248,249,1,1,2,0,0.5598131098589186,1,1,11751,52.5542,D35,2,0.6792945838081278
249,250,0,2,4,0,1.815825135880234,1,0,244252,26.0,0,2,0.059159876663617696
250,251,0,3,2,0,-0.05157728040832834,0,0,362316,7.25,0,2,-0.5609748304808925
251,252,0,3,3,1,-0.031251372974641575,1,1,347054,10.4625,G6,2,0.6792945838081278
252,253,0,1,2,0,2.406889618713794,0,0,113514,26.55,C87,2,-0.5609748304808925
253,254,0,3,2,0,0.042631687379553446,1,0,A/5. 3336,16.1,0,2,0.059159876663617696
254,255,0,3,3,1,0.8553453512756987,0,2,370129,20.2125,0,2,0.6792945838081278
255,256,1,3,3,1,-0.031251372974641575,0,2,2650,15.2458,0,0,0.6792945838081278
256,257,1,1,3,1,0.8466532265281463,0,0,PC 17585,79.2,0,0,-0.5609748304808925
257,258,1,1,1,1,0.042631687379553446,0,0,110152,86.5,B77,2,-0.5609748304808925
258,259,1,1,1,1,0.41204698915052856,0,0,PC 17755,512.3292,0,0,-0.5609748304808925
259,260,1,2,3,1,1.520292894463454,0,1,230433,26.0,0,2,0.059159876663617696
260,261,0,3,2,0,-0.05157728040832834,0,0,384461,7.75,0,1,-0.5609748304808925
261,262,1,3,0,0,-1.9522109421837122,4,2,347077,31.3875,0,2,3.1598334123861687
262,263,0,1,2,0,1.668059015171844,1,1,110413,79.65,E67,2,0.6792945838081278
263,264,0,1,2,0,0.7814622909215037,0,0,112059,0.0,B94,2,-0.5609748304808925
264,265,0,3,1,1,-0.9826296211587325,0,0,382649,7.75,0,1,-0.5609748304808925
265,266,0,2,2,0,0.48593004950472357,0,0,C.A. 17248,10.5,0,2,-0.5609748304808925
266,267,0,3,2,0,-0.9917311575791768,4,1,3101295,39.6875,0,2,2.5396987052416584
267,268,1,3,2,0,-0.3267836143914217,1,0,347083,7.775,0,2,0.059159876663617696
268,269,1,1,3,1,2.111357377297014,0,1,PC 17582,153.4625,C125,2,0.059159876663617696
269,270,1,1,1,1,0.41204698915052856,0,0,PC 17760,135.6333,C99,2,-0.5609748304808925
270,271,0,1,2,0,0.8982314955042832,0,0,113798,31.0,0,2,-0.5609748304808925
271,272,1,3,2,0,-0.3267836143914217,0,0,LINE,0.0,0,2,-0.5609748304808925
272,273,1,2,3,1,0.8553453512756987,0,1,250644,19.5,0,2,0.059159876663617696
273,274,0,1,2,0,0.5598131098589186,0,1,PC 17596,29.7,C118,0,0.059159876663617696
274,275,1,3,1,1,-0.9826296211587325,0,0,370375,7.75,0,1,-0.5609748304808925
275,276,1,1,1,1,2.480772679067989,1,0,13502,77.9583,D7,2,0.059159876663617696
276,277,0,3,1,1,1.1508775926924788,0,0,347073,7.75,0,2,-0.5609748304808925
277,278,0,2,2,0,0.24716162275031267,0,0,239853,0.0,0,2,-0.5609748304808925
278,279,0,3,0,0,-1.6566787007669321,4,1,382652,29.125,0,1,2.5396987052416584
279,280,1,3,3,1,0.41204698915052856,1,1,C.A. 2673,20.25,0,2,0.6792945838081278
280,281,0,3,2,0,2.628538799776379,0,0,336439,7.75,0,1,-0.5609748304808925
281,282,0,3,2,0,-0.1051344333288366,0,0,347464,7.8542,0,2,-0.5609748304808925
282,283,0,3,2,0,-0.9917311575791768,0,0,345778,9.5,0,2,-0.5609748304808925
283,284,1,3,2,0,-0.7700819765165918,0,0,A/5. 10482,8.05,0,2,-0.5609748304808925
284,285,0,1,2,0,0.8982314955042832,0,0,113056,26.0,A19,2,-0.5609748304808925
285,286,0,3,2,0,0.2642808684421385,0,0,349239,8.6625,0,0,-0.5609748304808925
286,287,1,3,2,0,0.042631687379553446,0,0,345774,9.5,0,2,-0.5609748304808925
287,288,0,3,2,0,-0.5484327954540067,0,0,349206,7.8958,0,2,-0.5609748304808925
288,289,1,2,2,0,0.9292284116298937,0,0,237798,13.0,0,2,-0.5609748304808925
289,290,1,3,1,1,-0.5484327954540067,0,0,370373,7.75,0,1,-0.5609748304808925
290,291,1,1,1,1,-0.25290055403722667,0,0,19877,78.85,0,2,-0.5609748304808925
291,292,1,1,3,1,-0.7700819765165918,1,0,11967,91.0792,B49,0,0.059159876663617696
292,293,0,2,2,0,0.48593004950472357,0,0,SC/Paris 2163,12.875,D,0,-0.5609748304808925
293,294,0,3,1,1,-0.4006666747456167,0,0,349236,8.85,0,2,-0.5609748304808925
294,295,0,3,2,0,-0.4006666747456167,0,0,349233,7.8958,0,2,-0.5609748304808925
295,296,0,1,2,0,0.8982314955042832,0,0,PC 17612,27.7208,0,0,-0.5609748304808925
296,297,0,3,2,0,-0.4376082049227142,0,0,2693,7.2292,0,0,-0.5609748304808925
297,298,0,1,1,1,-2.0260940025379073,1,2,113781,151.55,C22 C26,2,1.299429290952638
298,299,1,1,2,0,0.8982314955042832,0,0,19988,30.5,C106,2,-0.5609748304808925
299,300,1,1,3,1,1.520292894463454,0,1,PC 17558,247.5208,B58 B60,0,0.059159876663617696
300,301,1,3,1,1,-0.9826296211587325,0,0,9234,7.75,0,1,-0.5609748304808925
301,302,1,3,2,0,-0.05157728040832834,2,0,367226,23.25,0,1,0.6792945838081278
302,303,0,3,2,0,-0.7700819765165918,0,0,LINE,0.0,0,2,-0.5609748304808925
303,304,1,2,1,1,-0.5195722250031493,0,0,226593,12.35,E101,1,-0.5609748304808925
304,305,0,3,2,0,-0.05157728040832834,0,0,A/5 2466,8.05,0,2,-0.5609748304808925
305,306,1,1,0,0,-2.105887707720438,1,2,113781,151.55,C22 C26,2,1.299429290952638
306,307,1,1,1,1,0.042631687379553446,0,0,17421,110.8833,0,0,-0.5609748304808925
307,308,1,1,3,1,-0.9178480972249818,1,0,PC 17758,108.9,C65,0,0.059159876663617696
308,309,0,2,2,0,0.042631687379553446,1,0,P/PP 3381,24.0,0,0,0.059159876663617696
309,310,1,1,1,1,0.042631687379553446,0,0,PC 17485,56.9292,E36,0,-0.5609748304808925
310,311,1,1,1,1,-0.4006666747456167,0,0,11767,83.1583,C54,0,-0.5609748304808925
311,312,1,1,1,1,-0.8439650368707868,2,2,PC 17608,262.375,B57 B59 B63 B66,0,1.9195639980971482
312,313,0,2,3,1,-0.25290055403722667,1,1,250651,26.0,0,2,0.6792945838081278
313,314,0,3,2,0,-0.1051344333288366,0,0,349243,7.8958,0,2,-0.5609748304808925
314,315,0,2,2,0,1.0031114719840888,1,1,F.C.C. 13529,26.25,0,2,0.6792945838081278
315,316,1,3,1,1,-0.25290055403722667,0,0,347470,7.8542,0,2,-0.5609748304808925
316,317,1,2,3,1,-0.4006666747456167,1,0,244367,26.0,0,2,0.059159876663617696
317,318,0,2,4,0,1.815825135880234,0,0,29011,14.0,0,2,-0.5609748304808925
318,319,1,1,1,1,0.11651474773374847,0,2,36928,164.8667,C7,2,0.6792945838081278
319,320,1,1,3,1,0.7814622909215037,1,1,16966,134.5,E34,0,0.6792945838081278
320,321,0,3,2,0,-0.5484327954540067,0,0,A/5 21172,7.25,0,2,-0.5609748304808925
321,322,0,3,2,0,-0.17901749368303163,0,0,349219,7.8958,0,2,-0.5609748304808925
322,323,1,2,1,1,0.042631687379553446,0,0,234818,12.35,0,1,-0.5609748304808925
323,324,1,2,3,1,-0.5484327954540067,1,1,248738,29.0,0,2,0.6792945838081278
324,325,0,3,2,0,-0.05157728040832834,8,2,CA. 2343,69.55,0,2,5.64037224096421
325,326,1,1,1,1,0.48593004950472357,0,0,PC 17760,135.6333,C32,0,-0.5609748304808925
326,327,0,3,2,0,2.333006558359599,0,0,345364,6.2375,0,2,-0.5609748304808925
327,328,1,2,3,1,0.48593004950472357,0,0,28551,13.0,D,2,-0.5609748304808925
328,329,1,3,3,1,0.11651474773374847,1,1,363291,20.525,0,2,0.6792945838081278
329,330,1,1,1,1,-0.9917311575791768,0,1,111361,57.9792,B18,0,0.059159876663617696
330,331,1,3,1,1,-0.9826296211587325,2,0,367226,23.25,0,1,0.6792945838081278
331,332,0,1,2,0,1.1878191228695762,0,0,113043,28.5,C124,2,-0.5609748304808925
332,333,0,1,2,0,0.6336961702131136,0,1,PC 17582,153.4625,C91,2,0.059159876663617696
333,334,0,3,2,0,-0.9917311575791768,2,0,345764,18.0,0,2,0.6792945838081278
334,335,1,1,3,1,0.8466532265281463,1,0,PC 17611,133.65,0,2,0.059159876663617696
335,336,0,3,2,0,-0.05157728040832834,0,0,349225,7.8958,0,2,-0.5609748304808925
336,337,0,1,2,0,-0.031251372974641575,1,0,113776,66.6,C2,2,0.059159876663617696
337,338,1,1,1,1,0.8553453512756987,0,0,16966,134.5,E40,0,-0.5609748304808925
338,339,1,3,2,0,1.1508775926924788,0,0,7598,8.05,0,2,-0.5609748304808925
339,340,0,1,2,0,1.1508775926924788,0,0,113784,35.5,T,2,-0.5609748304808925
340,341,1,2,0,0,-2.0260940025379073,1,1,230080,26.0,F2,2,0.6792945838081278
341,342,1,1,1,1,-0.4006666747456167,3,2,19950,263.0,C23 C25 C27,2,2.5396987052416584
342,343,0,2,2,0,-0.1051344333288366,0,0,248740,13.0,0,2,-0.5609748304808925
343,344,0,2,2,0,-0.3267836143914217,0,0,244361,13.0,0,2,-0.5609748304808925
344,345,0,2,2,0,0.48593004950472357,0,0,229236,13.0,0,2,-0.5609748304808925
345,346,1,2,1,1,-0.4006666747456167,0,0,248733,13.0,F33,2,-0.5609748304808925
346,347,1,2,1,1,0.7814622909215037,0,0,31418,13.0,0,2,-0.5609748304808925
347,348,1,3,3,1,0.30234183892763294,1,0,386525,16.1,0,2,0.059159876663617696
348,349,1,3,0,0,-1.9522109421837122,1,1,C.A. 37671,15.9,0,2,0.6792945838081278
349,350,0,3,2,0,0.9292284116298937,0,0,315088,8.6625,0,2,-0.5609748304808925
350,351,0,3,2,0,-0.4745497350998117,0,0,7267,9.225,0,2,-0.5609748304808925
351,352,0,1,2,0,0.8982314955042832,0,0,113510,35.0,C128,2,-0.5609748304808925
352,353,0,3,2,0,-1.0656142179333719,1,1,2695,7.2292,0,0,0.6792945838081278
353,354,0,3,2,0,-0.3267836143914217,1,0,349237,17.8,0,2,0.059159876663617696
354,355,0,3,2,0,-0.05157728040832834,0,0,2647,7.225,0,0,-0.5609748304808925
355,356,0,3,2,0,-0.1051344333288366,0,0,345783,9.5,0,2,-0.5609748304808925
356,357,1,1,1,1,-0.5484327954540067,0,1,113505,55.0,E33,2,0.059159876663617696
357,358,0,2,1,1,0.6336961702131136,0,0,237671,13.0,0,2,-0.5609748304808925
358,359,1,3,1,1,-0.9826296211587325,0,0,330931,7.8792,0,1,-0.5609748304808925
359,360,1,3,1,1,-0.9826296211587325,0,0,330980,7.8792,0,1,-0.5609748304808925
360,361,0,3,2,0,0.7814622909215037,1,4,347088,27.9,0,2,2.5396987052416584
361,362,0,2,2,0,-0.031251372974641575,1,0,SC/PARIS 2167,27.7208,0,0,0.059159876663617696
362,363,0,3,3,1,1.1508775926924788,0,1,2691,14.4542,0,0,0.059159876663617696
363,364,0,3,2,0,0.41204698915052856,0,0,SOTON/O.Q. 3101310,7.05,0,2,-0.5609748304808925
364,365,0,3,2,0,-0.05157728040832834,1,0,370365,15.5,0,1,0.059159876663617696
365,366,0,3,2,0,0.042631687379553446,0,0,C 7076,7.25,0,2,-0.5609748304808925
366,367,1,1,3,1,2.2591234980054042,1,0,110813,75.25,D37,0,0.059159876663617696
367,368,1,3,3,1,0.30234183892763294,0,0,2626,7.2292,0,0,-0.5609748304808925
368,369,1,3,1,1,-0.9826296211587325,0,0,14313,7.75,0,1,-0.5609748304808925
369,370,1,1,4,1,-0.4006666747456167,0,0,PC 17477,69.3,B35,0,-0.5609748304808925
370,371,1,1,2,0,-0.3267836143914217,1,0,11765,55.4417,E50,0,0.059159876663617696
371,372,0,3,2,0,-0.8439650368707868,1,0,3101267,6.4958,0,2,0.059159876663617696
372,373,0,3,2,0,-0.7700819765165918,0,0,323951,8.05,0,2,-0.5609748304808925
373,374,0,1,2,0,-0.5484327954540067,0,0,PC 17760,135.6333,0,0,-0.5609748304808925
374,375,0,3,1,1,-1.9522109421837122,3,1,349909,21.075,0,2,1.9195639980971482
375,376,1,1,3,1,0.8466532265281463,1,0,PC 17604,82.1708,0,0,0.059159876663617696
376,377,1,3,1,1,-0.5484327954540067,0,0,C 7077,7.25,0,2,-0.5609748304808925
377,378,0,1,2,0,-0.17901749368303163,0,2,113503,211.5,C82,0,0.6792945838081278
378,379,0,3,2,0,-0.6961989161623968,0,0,2648,4.0125,0,0,-0.5609748304808925
379,380,0,3,2,0,-0.7700819765165918,0,0,347069,7.775,0,2,-0.5609748304808925
380,381,1,1,1,1,0.9292284116298937,0,0,PC 17757,227.525,0,0,-0.5609748304808925
381,382,1,3,1,1,-2.099977062892102,0,2,2653,15.7417,0,0,0.6792945838081278
382,383,0,3,2,0,0.1903978080879435,0,0,STON/O 2. 3101293,7.925,0,2,-0.5609748304808925
383,384,1,1,3,1,0.41204698915052856,1,0,113789,52.0,0,2,0.059159876663617696
384,385,0,3,2,0,-0.05157728040832834,0,0,349227,7.8958,0,2,-0.5609748304808925
385,386,0,2,2,0,-0.8439650368707868,0,0,S.O.C. 14879,73.5,0,2,-0.5609748304808925
386,387,0,3,0,0,-2.099977062892102,5,2,CA 2144,46.9,0,2,3.779968119530679
387,388,1,2,1,1,0.48593004950472357,0,0,27849,13.0,0,2,-0.5609748304808925
388,389,0,3,2,0,-0.05157728040832834,0,0,367655,7.7292,0,1,-0.5609748304808925
389,390,1,2,1,1,-0.9178480972249818,0,0,SC 1748,12.0,0,0,-0.5609748304808925
390,391,1,1,2,0,0.48593004950472357,1,2,113760,120.0,B96 B98,2,1.299429290952638
391,392,1,3,2,0,-0.6223158558082017,0,0,350034,7.7958,0,2,-0.5609748304808925
392,393,0,3,2,0,-0.1051344333288366,2,0,3101277,7.925,0,2,0.6792945838081278
393,394,1,1,1,1,-0.4745497350998117,1,0,35273,113.275,D36,0,0.059159876663617696
394,395,1,3,3,1,-0.4006666747456167,0,2,PP 9549,16.7,G6,2,0.6792945838081278
395,396,0,3,2,0,-0.5484327954540067,0,0,350052,7.7958,0,2,-0.5609748304808925
396,397,0,3,1,1,0.11651474773374847,0,0,350407,7.8542,0,2,-0.5609748304808925
397,398,0,2,2,0,1.2247606530466737,0,0,28403,26.0,0,2,-0.5609748304808925
398,399,0,2,4,0,-0.4745497350998117,0,0,244278,10.5,0,2,-0.5609748304808925
399,400,1,2,3,1,-0.1051344333288366,0,0,240929,12.65,0,2,-0.5609748304808925
400,401,1,3,2,0,0.7075792305673086,0,0,STON/O 2. 3101289,7.925,0,2,-0.5609748304808925
401,402,0,3,2,0,-0.25290055403722667,0,0,341826,8.05,0,2,-0.5609748304808925
402,403,0,3,1,1,-0.6223158558082017,1,0,4137,9.825,0,2,0.059159876663617696
403,404,0,3,2,0,-0.1051344333288366,1,0,STON/O2. 3101279,15.85,0,2,0.059159876663617696
404,405,0,3,1,1,-0.6961989161623968,0,0,315096,8.6625,0,2,-0.5609748304808925
405,406,0,2,2,0,0.33816392879633356,1,0,28664,21.0,0,2,0.059159876663617696
406,407,0,3,2,0,1.5941759548176488,0,0,347064,7.75,0,2,-0.5609748304808925
407,408,1,2,0,0,-1.9522109421837122,1,1,29106,18.75,0,2,0.6792945838081278
408,409,0,3,2,0,-0.6223158558082017,0,0,312992,7.775,0,2,-0.5609748304808925
409,410,0,3,1,1,-0.9826296211587325,3,1,4133,25.4667,0,2,1.9195639980971482
410,411,0,3,2,0,-0.05157728040832834,0,0,349222,7.8958,0,2,-0.5609748304808925
411,412,0,3,2,0,-0.05157728040832834,0,0,394140,6.8583,0,1,-0.5609748304808925
412,413,1,1,1,1,0.2642808684421385,1,0,19928,90.0,C78,1,0.059159876663617696
413,414,0,2,2,0,0.24716162275031267,0,0,239853,0.0,0,2,-0.5609748304808925
414,415,1,3,2,0,1.0769945323382837,0,0,STON/O 2. 3101269,7.925,0,2,-0.5609748304808925
415,416,0,3,3,1,0.30234183892763294,0,0,343095,8.05,0,2,-0.5609748304808925
416,417,1,2,3,1,0.33816392879633356,1,1,28220,32.5,0,2,0.6792945838081278
417,418,1,2,1,1,-0.8439650368707868,0,2,250652,13.0,0,2,0.6792945838081278
418,419,0,2,2,0,0.042631687379553446,0,0,28228,13.0,0,2,-0.5609748304808925
419,420,0,3,1,1,-1.435029519704347,0,2,345773,24.15,0,2,0.6792945838081278
420,421,0,3,2,0,-0.05157728040832834,0,0,349254,7.8958,0,0,-0.5609748304808925
421,422,0,3,2,0,-0.6223158558082017,0,0,A/5. 13032,7.7333,0,1,-0.5609748304808925
422,423,0,3,2,0,-0.031251372974641575,0,0,315082,7.875,0,2,-0.5609748304808925
423,424,0,3,3,1,-0.1051344333288366,1,1,347080,14.4,0,2,0.6792945838081278
424,425,0,3,2,0,-0.8439650368707868,1,1,370129,20.2125,0,2,0.6792945838081278
425,426,0,3,2,0,-0.05157728040832834,0,0,A/4. 34244,7.25,0,2,-0.5609748304808925
426,427,1,2,3,1,-0.1051344333288366,1,0,2003,26.0,0,2,0.059159876663617696
427,428,1,2,1,1,-0.7700819765165918,0,0,250655,26.0,0,2,-0.5609748304808925
428,429,0,3,2,0,-0.05157728040832834,0,0,364851,7.75,0,1,-0.5609748304808925
429,430,1,3,2,0,0.1903978080879435,0,0,SOTON/O.Q. 392078,8.05,E10,2,-0.5609748304808925
430,431,1,1,2,0,-0.1051344333288366,0,0,110564,26.55,C52,2,-0.5609748304808925
431,432,1,3,3,1,0.30234183892763294,1,0,376564,16.1,0,2,0.059159876663617696
432,433,1,2,3,1,0.9292284116298937,1,0,SC/AH 3085,26.0,0,2,0.059159876663617696
433,434,0,3,2,0,-0.9178480972249818,0,0,STON/O 2. 3101274,7.125,0,2,-0.5609748304808925
434,435,0,1,2,0,1.520292894463454,1,0,13507,55.9,E44,2,0.059159876663617696
435,436,1,1,1,1,-1.139497278287567,1,2,113760,120.0,B96 B98,2,1.299429290952638
436,437,0,3,1,1,-0.6223158558082017,2,2,W./C. 6608,34.375,0,2,1.9195639980971482
437,438,1,2,3,1,-0.4006666747456167,2,3,29106,18.75,0,2,2.5396987052416584
438,439,0,1,2,0,2.554655739422184,1,4,19950,263.0,C23 C25 C27,2,2.5396987052416584
439,440,0,2,2,0,0.11651474773374847,0,0,C.A. 18723,10.5,0,2,-0.5609748304808925
440,441,1,2,3,1,1.1508775926924788,1,1,F.C.C. 13529,26.25,0,2,0.6792945838081278
441,442,0,3,2,0,-0.6961989161623968,0,0,345769,9.5,0,2,-0.5609748304808925
442,443,0,3,2,0,-0.3267836143914217,1,0,347076,7.775,0,2,0.059159876663617696
443,444,1,2,4,1,-0.1051344333288366,0,0,230434,13.0,0,2,-0.5609748304808925
444,445,1,3,2,0,-0.05157728040832834,0,0,65306,8.1125,0,2,-0.5609748304808925
445,446,1,1,0,0,-1.878327881829517,0,2,33638,81.8583,A34,2,0.6792945838081278
446,447,1,2,1,1,-1.2133803386417619,0,1,250644,19.5,0,2,0.059159876663617696
447,448,1,1,2,0,0.33816392879633356,0,0,113794,26.55,0,2,-0.5609748304808925
448,449,1,3,1,1,-1.8044448214753221,2,1,2666,19.2583,0,0,1.299429290952638
449,450,1,1,4,0,1.668059015171844,0,0,113786,30.5,C104,2,-0.5609748304808925
450,451,0,2,2,0,0.48593004950472357,1,2,C.A. 34651,27.75,0,2,1.299429290952638
451,452,0,3,2,0,-0.05157728040832834,1,0,65303,19.9667,0,2,0.059159876663617696
452,453,0,1,2,0,0.042631687379553446,0,0,113051,27.75,C111,0,-0.5609748304808925
453,454,1,1,2,0,1.4464098341092588,1,0,17453,89.1042,C92,0,0.059159876663617696
454,455,0,3,2,0,-0.05157728040832834,0,0,A/5 2817,8.05,0,2,-0.5609748304808925
455,456,1,3,2,0,-0.031251372974641575,0,0,349240,7.8958,0,0,-0.5609748304808925
456,457,0,1,2,0,2.628538799776379,0,0,13509,26.55,E38,2,-0.5609748304808925
457,458,1,1,3,1,0.8466532265281463,1,0,17464,51.8625,D21,2,0.059159876663617696
458,459,1,2,1,1,1.520292894463454,0,0,F.C.C. 13531,10.5,0,2,-0.5609748304808925
459,460,0,3,2,0,-0.05157728040832834,0,0,371060,7.75,0,1,-0.5609748304808925
460,461,1,1,2,0,1.372526773755064,0,0,19952,26.55,E12,2,-0.5609748304808925
461,462,0,3,2,0,0.33816392879633356,0,0,364506,8.05,0,2,-0.5609748304808925
462,463,0,1,2,0,1.2986437134008688,0,0,111320,38.5,E63,2,-0.5609748304808925
463,464,0,2,2,0,1.372526773755064,0,0,234360,13.0,0,2,-0.5609748304808925
464,465,0,3,2,0,-0.05157728040832834,0,0,A/S 2816,8.05,0,2,-0.5609748304808925
465,466,0,3,2,0,0.6336961702131136,0,0,SOTON/O.Q. 3101306,7.05,0,2,-0.5609748304808925
466,467,0,2,2,0,0.24716162275031267,0,0,239853,0.0,0,2,-0.5609748304808925
467,468,0,1,2,0,1.963591256588624,0,0,113792,26.55,0,2,-0.5609748304808925
468,469,0,3,2,0,-0.05157728040832834,0,0,36209,7.725,0,1,-0.5609748304808925
469,470,1,3,1,1,-2.118447827980651,2,1,2666,19.2583,0,0,1.299429290952638
470,471,0,3,2,0,-0.05157728040832834,0,0,323592,7.25,0,2,-0.5609748304808925
471,472,0,3,2,0,0.6336961702131136,0,0,315089,8.6625,0,2,-0.5609748304808925
472,473,1,2,3,1,0.2642808684421385,1,2,C.A. 34651,27.75,0,2,1.299429290952638
473,474,1,2,3,1,-0.4745497350998117,0,0,SC/AH Basle 541,13.7917,D,0,-0.5609748304808925
474,475,0,3,1,1,-0.5484327954540067,0,0,7553,9.8375,0,2,-0.5609748304808925
475,476,0,1,2,0,0.8982314955042832,0,0,110465,52.0,A14,2,-0.5609748304808925
476,477,0,2,2,0,0.33816392879633356,1,0,31027,21.0,0,2,0.059159876663617696
477,478,0,3,2,0,-0.031251372974641575,1,0,3460,7.0458,0,2,0.059159876663617696
478,479,0,3,2,0,-0.5484327954540067,0,0,350060,7.5208,0,2,-0.5609748304808925
479,480,1,3,1,1,-2.0260940025379073,0,1,3101298,12.2875,0,2,0.059159876663617696
480,481,0,3,0,0,-1.5089125800585421,5,2,CA 2144,46.9,0,2,3.779968119530679
481,482,0,2,2,0,0.24716162275031267,0,0,239854,0.0,0,2,-0.5609748304808925
482,483,0,3,2,0,1.520292894463454,0,0,A/5 3594,8.05,0,2,-0.5609748304808925
483,484,1,3,3,1,2.480772679067989,0,0,4134,9.5875,0,2,-0.5609748304808925
484,485,1,1,2,0,-0.3267836143914217,1,0,11967,91.0792,B49,0,0.059159876663617696
485,486,0,3,1,1,-0.9826296211587325,3,1,4133,25.4667,0,2,1.9195639980971482
486,487,1,1,3,1,0.41204698915052856,1,0,19943,90.0,C93,2,0.059159876663617696
487,488,0,1,2,0,2.111357377297014,0,0,11771,29.7,B37,0,-0.5609748304808925
488,489,0,3,2,0,0.042631687379553446,0,0,A.5. 18509,8.05,0,2,-0.5609748304808925
489,490,1,3,0,0,-1.5089125800585421,1,1,C.A. 37671,15.9,0,2,0.6792945838081278
490,491,0,3,2,0,-0.05157728040832834,1,0,65304,19.9667,0,2,0.059159876663617696
491,492,0,3,2,0,-0.6223158558082017,0,0,SOTON/OQ 3101317,7.25,0,2,-0.5609748304808925
492,493,0,1,2,0,1.889708196234429,0,0,113787,30.5,C30,2,-0.5609748304808925
493,494,0,1,2,0,3.071837161901549,0,0,PC 17609,49.5042,0,0,-0.5609748304808925
494,495,0,3,2,0,-0.6223158558082017,0,0,A/4 45380,8.05,0,2,-0.5609748304808925
495,496,0,3,2,0,-0.05157728040832834,0,0,2627,14.4583,0,0,-0.5609748304808925
496,497,1,1,1,1,1.815825135880234,1,0,36947,78.2667,D20,0,0.059159876663617696
497,498,0,3,2,0,-0.05157728040832834,0,0,C.A. 6212,15.1,0,2,-0.5609748304808925
498,499,0,1,3,1,-0.3267836143914217,1,2,113781,151.55,C22 C26,2,1.299429290952638
499,500,0,3,2,0,-0.4006666747456167,0,0,350035,7.7958,0,2,-0.5609748304808925
500,501,0,3,2,0,-0.9178480972249818,0,0,315086,8.6625,0,2,-0.5609748304808925
501,502,0,3,1,1,-0.6223158558082017,0,0,364846,7.75,0,1,-0.5609748304808925
502,503,0,3,1,1,-0.9826296211587325,0,0,330909,7.6292,0,1,-0.5609748304808925
503,504,0,3,1,1,0.5598131098589186,0,0,4135,9.5875,0,2,-0.5609748304808925
504,505,1,1,1,1,-0.9917311575791768,0,0,110152,86.5,B79,2,-0.5609748304808925
505,506,0,1,2,0,-0.8439650368707868,1,0,PC 17758,108.9,C65,0,0.059159876663617696
506,507,1,2,3,1,0.2642808684421385,0,2,26360,26.0,0,2,0.6792945838081278
507,508,1,1,2,0,0.8982314955042832,0,0,111427,26.55,0,2,-0.5609748304808925
508,509,0,3,2,0,-0.1051344333288366,0,0,C 4001,22.525,0,2,-0.5609748304808925
509,510,1,3,2,0,-0.25290055403722667,0,0,1601,56.4958,0,2,-0.5609748304808925
510,511,1,3,2,0,-0.031251372974641575,0,0,382651,7.75,0,1,-0.5609748304808925
511,512,0,3,2,0,-0.05157728040832834,0,0,SOTON/OQ 3101316,8.05,0,2,-0.5609748304808925
512,513,1,1,2,0,0.48593004950472357,0,0,PC 17473,26.2875,E25,2,-0.5609748304808925
513,514,1,1,3,1,1.815825135880234,1,0,PC 17603,59.4,0,0,0.059159876663617696
514,515,0,3,2,0,-0.4006666747456167,0,0,349209,7.4958,0,2,-0.5609748304808925
515,516,0,1,2,0,1.2986437134008688,0,0,36967,34.0208,D46,2,-0.5609748304808925
516,517,1,2,3,1,0.33816392879633356,0,0,C.A. 34260,10.5,F33,2,-0.5609748304808925
517,518,0,3,2,0,-0.05157728040832834,0,0,371110,24.15,0,1,-0.5609748304808925
518,519,1,2,3,1,0.48593004950472357,1,0,226875,26.0,0,2,0.059159876663617696
519,520,0,3,2,0,0.1903978080879435,0,0,349242,7.8958,0,2,-0.5609748304808925
520,521,1,1,1,1,0.042631687379553446,0,0,12749,93.5,B73,2,-0.5609748304808925
521,522,0,3,2,0,-0.5484327954540067,0,0,349252,7.8958,0,2,-0.5609748304808925
522,523,0,3,2,0,-0.05157728040832834,0,0,2624,7.225,0,0,-0.5609748304808925
523,524,1,1,3,1,1.0769945323382837,0,1,111361,57.9792,B18,0,0.059159876663617696
524,525,0,3,2,0,-0.05157728040832834,0,0,2700,7.2292,0,0,-0.5609748304808925
525,526,0,3,2,0,0.8184038210986012,0,0,367232,7.75,0,1,-0.5609748304808925
526,527,1,2,1,1,1.520292894463454,0,0,W./C. 14258,10.5,0,2,-0.5609748304808925
527,528,0,1,2,0,0.8982314955042832,0,0,PC 17483,221.7792,C95,2,-0.5609748304808925
528,529,0,3,2,0,0.7075792305673086,0,0,3101296,7.925,0,2,-0.5609748304808925
529,530,0,2,2,0,-0.4745497350998117,2,1,29104,11.5,0,2,1.299429290952638
530,531,1,2,1,1,-2.0260940025379073,1,1,26360,26.0,0,2,0.6792945838081278
531,532,0,3,2,0,-0.05157728040832834,0,0,2641,7.2292,0,0,-0.5609748304808925
532,533,0,3,2,0,-0.9178480972249818,1,1,2690,7.2292,0,0,0.6792945838081278
533,534,1,3,3,1,0.30234183892763294,0,2,2668,22.3583,0,0,0.6792945838081278
534,535,0,3,1,1,0.042631687379553446,0,0,315084,8.6625,0,2,-0.5609748304808925
535,536,1,2,1,1,-1.6566787007669321,0,2,F.C.C. 13529,26.25,0,2,0.6792945838081278
536,537,0,1,4,0,1.1508775926924788,0,0,113050,26.55,B38,2,-0.5609748304808925
537,538,1,1,1,1,0.042631687379553446,0,0,PC 17761,106.425,0,0,-0.5609748304808925
538,539,0,3,2,0,-0.05157728040832834,0,0,364498,14.5,0,2,-0.5609748304808925
539,540,1,1,1,1,-0.5484327954540067,0,2,13568,49.5,B39,0,0.6792945838081278
540,541,1,1,1,1,0.48593004950472357,0,2,WE/P 5735,71.0,B22,2,0.6792945838081278
541,542,0,3,1,1,-1.5089125800585421,4,2,347082,31.275,0,2,3.1598334123861687
542,543,0,3,1,1,-1.3611464593501519,4,2,347082,31.275,0,2,3.1598334123861687
543,544,1,2,2,0,0.1903978080879435,1,0,2908,26.0,0,2,0.059159876663617696
544,545,0,1,2,0,1.520292894463454,1,0,PC 17761,106.425,C86,0,0.059159876663617696
545,546,0,1,2,0,2.554655739422184,0,0,693,26.0,0,2,-0.5609748304808925
546,547,1,2,3,1,-0.7700819765165918,1,0,2908,26.0,0,2,0.059159876663617696
547,548,1,2,2,0,0.24716162275031267,0,0,SC/PARIS 2146,13.8625,0,0,-0.5609748304808925
548,549,0,3,2,0,0.2642808684421385,1,1,363291,20.525,0,2,0.6792945838081278
549,550,1,2,0,0,-1.582795640412737,1,1,C.A. 33112,36.75,0,2,0.6792945838081278
550,551,1,1,2,0,-0.9178480972249818,0,2,17421,110.8833,C70,0,0.6792945838081278
551,552,0,2,2,0,-0.17901749368303163,0,0,244358,26.0,0,2,-0.5609748304808925
552,553,0,3,2,0,-0.05157728040832834,0,0,330979,7.8292,0,1,-0.5609748304808925
553,554,1,3,2,0,-0.5484327954540067,0,0,2620,7.225,0,0,-0.5609748304808925
554,555,1,3,1,1,-0.5484327954540067,0,0,347085,7.775,0,2,-0.5609748304808925
555,556,0,1,2,0,2.406889618713794,0,0,113807,26.55,0,2,-0.5609748304808925
556,557,1,1,4,1,1.372526773755064,1,0,11755,39.6,A16,0,0.059159876663617696
557,558,0,1,2,0,0.8982314955042832,0,0,PC 17757,227.525,0,0,-0.5609748304808925
558,559,1,1,3,1,0.7075792305673086,1,1,110413,79.65,E67,2,0.6792945838081278
559,560,1,3,3,1,0.48593004950472357,1,0,345572,17.4,0,2,0.059159876663617696
560,561,0,3,2,0,-0.05157728040832834,0,0,372622,7.75,0,1,-0.5609748304808925
561,562,0,3,2,0,0.7814622909215037,0,0,349251,7.8958,0,2,-0.5609748304808925
562,563,0,2,2,0,-0.1051344333288366,0,0,218629,13.5,0,2,-0.5609748304808925
563,564,0,3,2,0,-0.05157728040832834,0,0,SOTON/OQ 392082,8.05,0,2,-0.5609748304808925
564,565,0,3,1,1,-0.9826296211587325,0,0,SOTON/O.Q. 392087,8.05,0,2,-0.5609748304808925
565,566,0,3,2,0,-0.4006666747456167,2,0,A/4 48871,24.15,0,2,0.6792945838081278
566,567,0,3,2,0,-0.7700819765165918,0,0,349205,7.8958,0,2,-0.5609748304808925
567,568,0,3,3,1,-0.031251372974641575,0,4,349909,21.075,0,2,1.9195639980971482
568,569,0,3,2,0,-0.05157728040832834,0,0,2686,7.2292,0,0,-0.5609748304808925
569,570,1,3,2,0,0.1903978080879435,0,0,350417,7.8542,0,2,-0.5609748304808925
570,571,1,2,2,0,2.406889618713794,0,0,S.W./PP 752,10.5,0,2,-0.5609748304808925
571,572,1,1,3,1,1.7419420755260389,2,0,11769,51.4792,C101,2,0.6792945838081278
572,573,1,1,2,0,0.48593004950472357,0,0,PC 17474,26.3875,E25,2,-0.5609748304808925
573,574,1,3,1,1,-0.9826296211587325,0,0,14312,7.75,0,1,-0.5609748304808925
574,575,0,3,2,0,-0.9917311575791768,0,0,A/4. 20589,8.05,0,2,-0.5609748304808925
575,576,0,3,2,0,-0.7700819765165918,0,0,358585,14.5,0,2,-0.5609748304808925
576,577,1,2,1,1,0.33816392879633356,0,0,243880,13.0,0,2,-0.5609748304808925
577,578,1,1,3,1,0.7075792305673086,1,0,13507,55.9,E44,2,0.059159876663617696
578,579,0,3,3,1,0.30234183892763294,1,0,2689,14.4583,0,0,0.059159876663617696
579,580,1,3,2,0,0.1903978080879435,0,0,STON/O 2. 3101286,7.925,0,2,-0.5609748304808925
580,581,1,2,1,1,-0.3267836143914217,1,1,237789,30.0,0,2,0.6792945838081278
581,582,1,1,3,1,0.7075792305673086,1,1,17421,110.8833,C68,0,0.6792945838081278
582,583,0,2,2,0,1.815825135880234,0,0,28403,26.0,0,2,-0.5609748304808925
583,584,0,1,2,0,0.48593004950472357,0,0,13049,40.125,A10,0,-0.5609748304808925
584,585,0,3,2,0,-0.05157728040832834,0,0,3411,8.7125,0,0,-0.5609748304808925
585,586,1,1,1,1,-0.8439650368707868,0,2,110413,79.65,E68,2,0.6792945838081278
586,587,0,2,2,0,1.2986437134008688,0,0,237565,15.0,0,2,-0.5609748304808925
587,588,1,1,2,0,2.2591234980054042,1,1,13567,79.2,B41,0,0.6792945838081278
588,589,0,3,2,0,-0.5484327954540067,0,0,14973,8.05,0,2,-0.5609748304808925
589,590,0,3,2,0,-0.05157728040832834,0,0,A./5. 3235,8.05,0,2,-0.5609748304808925
590,591,0,3,2,0,0.41204698915052856,0,0,STON/O 2. 3101273,7.125,0,2,-0.5609748304808925
591,592,1,1,3,1,1.668059015171844,1,0,36947,78.2667,D20,0,0.059159876663617696
592,593,0,3,2,0,1.2986437134008688,0,0,A/5 3902,7.25,0,2,-0.5609748304808925
593,594,0,3,1,1,-0.9826296211587325,0,2,364848,7.75,0,1,0.6792945838081278
594,595,0,2,2,0,0.5598131098589186,1,0,SC/AH 29037,26.0,0,2,0.059159876663617696
595,596,0,3,2,0,0.48593004950472357,1,1,345773,24.15,0,2,0.6792945838081278
596,597,1,2,1,1,-0.5195722250031493,0,0,248727,33.0,0,2,-0.5609748304808925
597,598,0,3,2,0,1.4464098341092588,0,0,LINE,0.0,0,2,-0.5609748304808925
598,599,0,3,2,0,-0.05157728040832834,0,0,2664,7.225,0,0,-0.5609748304808925
599,600,1,1,4,0,1.4464098341092588,1,0,PC 17485,56.9292,A20,0,0.059159876663617696
600,601,1,2,3,1,-0.4006666747456167,2,1,243847,27.0,0,2,1.299429290952638
601,602,0,3,2,0,-0.05157728040832834,0,0,349214,7.8958,0,2,-0.5609748304808925
602,603,0,1,2,0,0.8982314955042832,0,0,113796,42.4,0,2,-0.5609748304808925
603,604,0,3,2,0,1.0769945323382837,0,0,364511,8.05,0,2,-0.5609748304808925
604,605,1,1,2,0,0.41204698915052856,0,0,111426,26.55,0,0,-0.5609748304808925
605,606,0,3,2,0,0.48593004950472357,1,0,349910,15.55,0,2,0.059159876663617696
606,607,0,3,2,0,0.042631687379553446,0,0,349246,7.8958,0,2,-0.5609748304808925
607,608,1,1,2,0,-0.17901749368303163,0,0,113804,30.5,0,2,-0.5609748304808925
608,609,1,2,3,1,-0.5484327954540067,1,2,SC/Paris 2123,41.5792,0,0,1.299429290952638
609,610,1,1,1,1,0.7814622909215037,0,0,PC 17582,153.4625,C125,2,-0.5609748304808925
610,611,0,3,3,1,0.7075792305673086,1,5,347082,31.275,0,2,3.1598334123861687
611,612,0,3,2,0,-0.05157728040832834,0,0,SOTON/O.Q. 3101305,7.05,0,2,-0.5609748304808925
612,613,1,3,1,1,-0.9826296211587325,1,0,367230,15.5,0,1,0.059159876663617696
613,614,0,3,2,0,-0.05157728040832834,0,0,370377,7.75,0,1,-0.5609748304808925
614,615,0,3,2,0,0.41204698915052856,0,0,364512,8.05,0,2,-0.5609748304808925
615,616,1,2,1,1,-0.4006666747456167,1,2,220845,65.0,0,2,1.299429290952638
616,617,0,3,2,0,0.33816392879633356,1,1,347080,14.4,0,2,0.6792945838081278
617,618,0,3,3,1,-0.25290055403722667,1,0,A/5. 3336,16.1,0,2,0.059159876663617696
618,619,1,2,1,1,-1.878327881829517,2,1,230136,39.0,F4,2,1.299429290952638
619,620,0,2,2,0,-0.25290055403722667,0,0,31028,10.5,0,2,-0.5609748304808925
620,621,0,3,2,0,-0.17901749368303163,1,0,2659,14.4542,0,0,0.059159876663617696
621,622,1,1,2,0,0.9292284116298937,1,0,11753,52.5542,D19,2,0.059159876663617696
622,623,1,3,2,0,-0.6961989161623968,1,1,2653,15.7417,0,0,0.6792945838081278
623,624,0,3,2,0,-0.6223158558082017,0,0,350029,7.8542,0,2,-0.5609748304808925
624,625,0,3,2,0,-0.6223158558082017,0,0,54636,16.1,0,2,-0.5609748304808925
625,626,0,1,2,0,2.333006558359599,0,0,36963,32.3208,D50,2,-0.5609748304808925
626,627,0,2,4,0,2.037474316942819,0,0,219533,12.35,0,1,-0.5609748304808925
627,628,1,1,1,1,-0.6223158558082017,0,0,13502,77.9583,D9,2,-0.5609748304808925
628,629,0,3,2,0,-0.25290055403722667,0,0,349224,7.8958,0,2,-0.5609748304808925
629,630,0,3,2,0,-0.05157728040832834,0,0,334912,7.7333,0,1,-0.5609748304808925
630,631,1,1,2,0,3.7367847050893044,0,0,27042,30.0,A23,2,-0.5609748304808925
631,632,0,3,2,0,1.5941759548176488,0,0,347743,7.0542,0,2,-0.5609748304808925
632,633,1,1,4,0,0.1903978080879435,0,0,13214,30.5,B50,0,-0.5609748304808925
633,634,0,1,2,0,0.8982314955042832,0,0,112052,0.0,0,2,-0.5609748304808925
634,635,0,3,1,1,-1.5089125800585421,3,2,347088,27.9,0,2,2.5396987052416584
635,636,1,2,1,1,-0.1051344333288366,0,0,237668,13.0,0,2,-0.5609748304808925
636,637,0,3,2,0,0.1903978080879435,0,0,STON/O 2. 3101292,7.925,0,2,-0.5609748304808925
637,638,0,2,2,0,0.11651474773374847,1,1,C.A. 31921,26.25,0,2,0.6792945838081278
638,639,0,3,3,1,0.8553453512756987,0,5,3101295,39.6875,0,2,2.5396987052416584
639,640,0,3,2,0,-0.05157728040832834,1,0,376564,16.1,0,2,0.059159876663617696
640,641,0,3,2,0,-0.6961989161623968,0,0,350050,7.8542,0,2,-0.5609748304808925
641,642,1,1,4,1,-0.4006666747456167,0,0,PC 17477,69.3,B35,0,-0.5609748304808925
642,643,0,3,1,1,-2.0260940025379073,3,2,347088,27.9,0,2,2.5396987052416584
643,644,1,3,2,0,-0.05157728040832834,0,0,1601,56.4958,0,2,-0.5609748304808925
644,645,1,3,1,1,-2.118447827980651,2,1,2666,19.2583,0,0,1.299429290952638
645,646,1,1,2,0,1.372526773755064,1,0,PC 17572,76.7292,D33,0,0.059159876663617696
646,647,0,3,2,0,-0.7700819765165918,0,0,349231,7.8958,0,2,-0.5609748304808925
647,648,1,1,4,0,1.963591256588624,0,0,13213,35.5,A26,0,-0.5609748304808925
648,649,0,3,2,0,-0.05157728040832834,0,0,S.O./P.P. 751,7.55,0,2,-0.5609748304808925
649,650,1,3,1,1,-0.4745497350998117,0,0,CA. 2314,7.55,0,2,-0.5609748304808925
650,651,0,3,2,0,-0.05157728040832834,0,0,349221,7.8958,0,2,-0.5609748304808925
651,652,1,2,1,1,-0.8439650368707868,0,1,231919,23.0,0,2,0.059159876663617696
652,653,0,3,2,0,-0.6223158558082017,0,0,8475,8.4333,0,2,-0.5609748304808925
653,654,1,3,1,1,-0.9826296211587325,0,0,330919,7.8292,0,1,-0.5609748304808925
654,655,0,3,1,1,-0.8439650368707868,0,0,365226,6.75,0,1,-0.5609748304808925
655,656,0,2,2,0,-0.4006666747456167,2,0,S.O.C. 14879,73.5,0,2,0.6792945838081278
656,657,0,3,2,0,-0.05157728040832834,0,0,349223,7.8958,0,2,-0.5609748304808925
657,658,0,3,3,1,0.1903978080879435,1,1,364849,15.5,0,1,0.6792945838081278
658,659,0,2,2,0,-0.4745497350998117,0,0,29751,13.0,0,2,-0.5609748304808925
659,660,0,1,2,0,2.111357377297014,0,2,35273,113.275,D48,0,0.6792945838081278
660,661,1,1,4,0,1.520292894463454,2,0,PC 17611,133.65,0,2,0.6792945838081278
661,662,0,3,2,0,0.7814622909215037,0,0,2623,7.225,0,0,-0.5609748304808925
662,663,0,1,2,0,1.2986437134008688,0,0,5727,25.5875,E58,2,-0.5609748304808925
663,664,0,3,2,0,0.48593004950472357,0,0,349210,7.4958,0,2,-0.5609748304808925
664,665,1,3,2,0,-0.6961989161623968,1,0,STON/O 2. 3101285,7.925,0,2,0.059159876663617696
665,666,0,2,2,0,0.1903978080879435,2,0,S.O.C. 14879,73.5,0,2,0.6792945838081278
666,667,0,2,2,0,-0.3267836143914217,0,0,234686,13.0,0,2,-0.5609748304808925
667,668,0,3,2,0,-0.05157728040832834,0,0,312993,7.775,0,2,-0.5609748304808925
668,669,0,3,2,0,1.0031114719840888,0,0,A/5 3536,8.05,0,2,-0.5609748304808925
669,670,1,1,3,1,0.8466532265281463,1,0,19996,52.0,C126,2,0.059159876663617696
670,671,1,2,3,1,0.7814622909215037,1,1,29750,39.0,0,2,0.6792945838081278
671,672,0,1,2,0,0.11651474773374847,1,0,F.C. 12750,52.0,B71,2,0.059159876663617696
672,673,0,2,2,0,2.997954101547354,0,0,C.A. 24580,10.5,0,2,-0.5609748304808925
673,674,1,2,2,0,0.11651474773374847,0,0,244270,13.0,0,2,-0.5609748304808925
674,675,0,2,2,0,0.24716162275031267,0,0,239856,0.0,0,2,-0.5609748304808925
675,676,0,3,2,0,-0.8439650368707868,0,0,349912,7.775,0,2,-0.5609748304808925
676,677,0,3,2,0,-0.3637251445685192,0,0,342826,8.05,0,2,-0.5609748304808925
677,678,1,3,1,1,-0.8439650368707868,0,0,4138,9.8417,0,2,-0.5609748304808925
678,679,0,3,3,1,1.0031114719840888,1,6,CA 2144,46.9,0,2,3.779968119530679
679,680,1,1,2,0,0.48593004950472357,0,1,PC 17755,512.3292,B51 B53 B55,0,0.059159876663617696
680,681,0,3,1,1,-0.9826296211587325,0,0,330935,8.1375,0,1,-0.5609748304808925
681,682,1,1,2,0,-0.17901749368303163,0,0,PC 17572,76.7292,D49,0,-0.5609748304808925
682,683,0,3,2,0,-0.6961989161623968,0,0,6563,9.225,0,2,-0.5609748304808925
683,684,0,3,2,0,-1.139497278287567,5,2,CA 2144,46.9,0,2,3.779968119530679
684,685,0,2,2,0,2.2591234980054042,1,1,29750,39.0,0,2,0.6792945838081278
685,686,0,2,2,0,-0.3267836143914217,1,2,SC/Paris 2123,41.5792,0,0,1.299429290952638
686,687,0,3,2,0,-1.139497278287567,4,1,3101295,39.6875,0,2,2.5396987052416584
687,688,0,3,2,0,-0.7700819765165918,0,0,349228,10.1708,0,2,-0.5609748304808925
688,689,0,3,2,0,-0.8439650368707868,0,0,350036,7.7958,0,2,-0.5609748304808925
689,690,1,1,1,1,-1.0656142179333719,0,1,24160,211.3375,B5,2,0.059159876663617696
690,691,1,1,2,0,0.11651474773374847,1,0,17474,57.0,B20,2,0.059159876663617696
691,692,1,3,1,1,-1.878327881829517,0,1,349256,13.4167,0,0,0.059159876663617696
692,693,1,3,2,0,-0.05157728040832834,0,0,1601,56.4958,0,2,-0.5609748304808925
693,694,0,3,2,0,-0.3267836143914217,0,0,2672,7.225,0,0,-0.5609748304808925
694,695,0,1,4,0,2.2591234980054042,0,0,113800,26.55,0,2,-0.5609748304808925
695,696,0,2,2,0,1.668059015171844,0,0,248731,13.5,0,2,-0.5609748304808925
696,697,0,3,2,0,1.0769945323382837,0,0,363592,8.05,0,2,-0.5609748304808925
697,698,1,3,1,1,-0.9826296211587325,0,0,35852,7.7333,0,1,-0.5609748304808925
698,699,0,1,2,0,1.4464098341092588,1,1,17421,110.8833,C68,0,0.6792945838081278
699,700,0,3,2,0,0.9292284116298937,0,0,348121,7.65,F G63,2,-0.5609748304808925
700,701,1,1,3,1,-0.8439650368707868,1,0,PC 17757,227.525,C62 C64,0,0.059159876663617696
701,702,1,1,2,0,0.41204698915052856,0,0,PC 17475,26.2875,E24,2,-0.5609748304808925
702,703,0,3,1,1,-0.8439650368707868,0,1,2691,14.4542,0,0,0.059159876663617696
703,704,0,3,2,0,-0.3267836143914217,0,0,36864,7.7417,0,1,-0.5609748304808925
704,705,0,3,2,0,-0.25290055403722667,1,0,350025,7.8542,0,2,0.059159876663617696
705,706,0,2,2,0,0.7075792305673086,0,0,250655,26.0,0,2,-0.5609748304808925
706,707,1,2,3,1,1.1508775926924788,0,0,223596,13.5,0,2,-0.5609748304808925
707,708,1,1,2,0,0.9292284116298937,0,0,PC 17476,26.2875,E24,2,-0.5609748304808925
708,709,1,1,1,1,-0.5484327954540067,0,0,113781,151.55,0,2,-0.5609748304808925
709,710,1,3,0,0,-1.778524181134392,1,1,2661,15.2458,0,0,0.6792945838081278
710,711,1,1,4,1,-0.4006666747456167,0,0,PC 17482,49.5042,C90,0,-0.5609748304808925
711,712,0,1,2,0,0.8982314955042832,0,0,113028,26.55,C124,2,-0.5609748304808925
712,713,1,1,2,0,1.372526773755064,1,0,19996,52.0,C126,2,0.059159876663617696
713,714,0,3,2,0,-0.031251372974641575,0,0,7545,9.4833,0,2,-0.5609748304808925
714,715,0,2,2,0,1.668059015171844,0,0,250647,13.0,0,2,-0.5609748304808925
715,716,0,3,2,0,-0.7700819765165918,0,0,348124,7.65,F G73,2,-0.5609748304808925
716,717,1,1,1,1,0.6336961702131136,0,0,PC 17757,227.525,C45,0,-0.5609748304808925
717,718,1,2,1,1,-0.17901749368303163,0,0,34218,10.5,E101,2,-0.5609748304808925
718,719,0,3,2,0,-0.05157728040832834,0,0,36568,15.5,0,1,-0.5609748304808925
719,720,0,3,2,0,0.2642808684421385,0,0,347062,7.775,0,2,-0.5609748304808925
720,721,1,2,1,1,-1.730561761121127,0,1,248727,33.0,0,2,0.059159876663617696
721,722,0,3,2,0,-0.9178480972249818,1,0,350048,7.0542,0,2,0.059159876663617696
722,723,0,2,2,0,0.33816392879633356,0,0,12233,13.0,0,2,-0.5609748304808925
723,724,0,2,2,0,1.520292894463454,0,0,250643,13.0,0,2,-0.5609748304808925
724,725,1,1,2,0,-0.17901749368303163,1,0,113806,53.1,E8,2,0.059159876663617696
725,726,0,3,2,0,-0.6961989161623968,0,0,315094,8.6625,0,2,-0.5609748304808925
726,727,1,2,3,1,0.042631687379553446,3,0,31027,21.0,0,2,1.299429290952638
727,728,1,3,1,1,-0.9826296211587325,0,0,36866,7.7375,0,1,-0.5609748304808925
728,729,0,2,2,0,-0.3267836143914217,1,0,236853,26.0,0,2,0.059159876663617696
729,730,0,3,1,1,-0.3267836143914217,1,0,STON/O2. 3101271,7.925,0,2,0.059159876663617696
730,731,1,1,1,1,-0.031251372974641575,0,0,24160,211.3375,B5,2,-0.5609748304808925
731,732,0,3,2,0,-1.3611464593501519,0,0,2699,18.7875,0,0,-0.5609748304808925
732,733,0,2,2,0,0.24716162275031267,0,0,239855,0.0,0,2,-0.5609748304808925
733,734,0,2,2,0,-0.4745497350998117,0,0,28425,13.0,0,2,-0.5609748304808925
734,735,0,2,2,0,-0.4745497350998117,0,0,233639,13.0,0,2,-0.5609748304808925
735,736,0,3,2,0,-0.06819290315173908,0,0,54636,16.1,0,2,-0.5609748304808925
736,737,0,3,3,1,1.372526773755064,1,3,W./C. 6608,34.375,0,2,1.9195639980971482
737,738,1,1,2,0,0.41204698915052856,0,0,PC 17755,512.3292,B101,0,-0.5609748304808925
738,739,0,3,2,0,-0.05157728040832834,0,0,349201,7.8958,0,2,-0.5609748304808925
739,740,0,3,2,0,-0.05157728040832834,0,0,349218,7.8958,0,2,-0.5609748304808925
740,741,1,1,2,0,0.8982314955042832,0,0,16988,30.0,D45,2,-0.5609748304808925
741,742,0,1,2,0,0.48593004950472357,1,0,19877,78.85,C46,2,0.059159876663617696
742,743,1,1,1,1,-0.6223158558082017,2,2,PC 17608,262.375,B57 B59 B63 B66,0,1.9195639980971482
743,744,0,3,2,0,-0.4006666747456167,1,0,376566,16.1,0,2,0.059159876663617696
744,745,1,3,2,0,0.11651474773374847,0,0,STON/O 2. 3101288,7.925,0,2,-0.5609748304808925
745,746,0,1,4,0,2.997954101547354,1,1,WE/P 5735,71.0,B22,2,0.6792945838081278
746,747,0,3,2,0,-0.9917311575791768,1,1,C.A. 2673,20.25,0,2,0.6792945838081278
747,748,1,2,1,1,0.042631687379553446,0,0,250648,13.0,0,2,-0.5609748304808925
748,749,0,1,2,0,-0.7700819765165918,1,0,113773,53.1,D30,2,0.059159876663617696
749,750,0,3,2,0,0.11651474773374847,0,0,335097,7.75,0,1,-0.5609748304808925
750,751,1,2,1,1,-1.878327881829517,1,1,29103,23.0,0,2,0.6792945838081278
751,752,1,3,0,0,-1.730561761121127,0,1,392096,12.475,E121,2,0.059159876663617696
752,753,0,3,2,0,0.2642808684421385,0,0,345780,9.5,0,2,-0.5609748304808925
753,754,0,3,2,0,-0.4745497350998117,0,0,349204,7.8958,0,2,-0.5609748304808925
754,755,1,2,3,1,1.372526773755064,1,2,220845,65.0,0,2,1.299429290952638
755,756,1,2,0,0,-2.1243584728089866,1,1,250649,14.5,0,2,0.6792945838081278
756,757,0,3,2,0,-0.1051344333288366,0,0,350042,7.7958,0,2,-0.5609748304808925
757,758,0,2,2,0,-0.8439650368707868,0,0,29108,11.5,0,2,-0.5609748304808925
758,759,0,3,2,0,0.33816392879633356,0,0,363294,8.05,0,2,-0.5609748304808925
759,760,1,1,4,1,0.2642808684421385,0,0,110152,86.5,B77,2,-0.5609748304808925
760,761,0,3,2,0,-0.05157728040832834,0,0,358585,14.5,0,2,-0.5609748304808925
761,762,0,3,2,0,0.8553453512756987,0,0,SOTON/O2 3101272,7.125,0,2,-0.5609748304808925
762,763,1,3,2,0,-0.6961989161623968,0,0,2663,7.2292,0,0,-0.5609748304808925
763,764,1,1,3,1,0.48593004950472357,1,2,113760,120.0,B96 B98,2,1.299429290952638
764,765,0,3,2,0,-0.9917311575791768,0,0,347074,7.775,0,2,-0.5609748304808925
765,766,1,1,3,1,1.5941759548176488,1,0,13502,77.9583,D11,2,0.059159876663617696
766,767,0,1,4,0,0.9292284116298937,0,0,112379,39.6,0,0,-0.5609748304808925
767,768,0,3,1,1,0.07957321755665096,0,0,364850,7.75,0,1,-0.5609748304808925
768,769,0,3,2,0,-0.05157728040832834,1,0,371110,24.15,0,1,0.059159876663617696
769,770,0,3,2,0,0.1903978080879435,0,0,8471,8.3625,0,2,-0.5609748304808925
770,771,0,3,2,0,-0.4006666747456167,0,0,345781,9.5,0,2,-0.5609748304808925
771,772,0,3,2,0,1.372526773755064,0,0,350047,7.8542,0,2,-0.5609748304808925
772,773,0,2,3,1,2.037474316942819,0,0,S.O./P.P. 3,10.5,E77,2,-0.5609748304808925
773,774,0,3,2,0,-0.05157728040832834,0,0,2674,7.225,0,0,-0.5609748304808925
774,775,1,2,3,1,1.815825135880234,1,3,29105,23.0,0,2,1.9195639980971482
775,776,0,3,2,0,-0.8439650368707868,0,0,347078,7.75,0,2,-0.5609748304808925
776,777,0,3,2,0,-0.05157728040832834,0,0,383121,7.75,F38,1,-0.5609748304808925
777,778,1,3,1,1,-1.8044448214753221,0,0,364516,12.475,0,2,-0.5609748304808925
778,779,0,3,2,0,-0.05157728040832834,0,0,36865,7.7375,0,1,-0.5609748304808925
779,780,1,1,3,1,1.0031114719840888,0,1,24160,211.3375,B3,2,0.059159876663617696
780,781,1,3,1,1,-1.2133803386417619,0,0,2687,7.2292,0,0,-0.5609748304808925
781,782,1,1,3,1,-0.9178480972249818,1,0,17474,57.0,B20,2,0.059159876663617696
782,783,0,1,2,0,-0.031251372974641575,0,0,113501,30.0,D6,2,-0.5609748304808925
783,784,0,3,2,0,-0.05157728040832834,1,2,W./C. 6607,23.45,0,2,1.299429290952638
784,785,0,3,2,0,-0.3267836143914217,0,0,SOTON/O.Q. 3101312,7.05,0,2,-0.5609748304808925
785,786,0,3,2,0,-0.3267836143914217,0,0,374887,7.25,0,2,-0.5609748304808925
786,787,1,3,1,1,-0.8439650368707868,0,0,3101265,7.4958,0,2,-0.5609748304808925
787,788,0,3,0,0,-1.582795640412737,4,1,382652,29.125,0,1,2.5396987052416584
788,789,1,3,0,0,-2.099977062892102,1,2,C.A. 2315,20.575,0,2,1.299429290952638
789,790,0,1,2,0,1.2247606530466737,0,0,PC 17593,79.2,B82 B84,0,-0.5609748304808925
790,791,0,3,2,0,-0.05157728040832834,0,0,12460,7.75,0,1,-0.5609748304808925
791,792,0,2,2,0,-0.9917311575791768,0,0,239865,26.0,0,2,-0.5609748304808925
792,793,0,3,1,1,-0.9826296211587325,8,2,CA. 2343,69.55,0,2,5.64037224096421
793,794,0,1,2,0,0.8982314955042832,0,0,PC 17600,30.6958,0,0,-0.5609748304808925
794,795,0,3,2,0,-0.3267836143914217,0,0,349203,7.8958,0,2,-0.5609748304808925
795,796,0,2,2,0,0.7075792305673086,0,0,28213,13.0,0,2,-0.5609748304808925
796,797,1,1,4,1,1.4464098341092588,0,0,17465,25.9292,D17,2,-0.5609748304808925
797,798,1,3,3,1,0.11651474773374847,0,0,349244,8.6833,0,2,-0.5609748304808925
798,799,0,3,2,0,0.042631687379553446,0,0,2685,7.2292,0,0,-0.5609748304808925
799,800,0,3,3,1,0.042631687379553446,1,1,345773,24.15,0,2,0.6792945838081278
800,801,0,2,2,0,0.33816392879633356,0,0,250647,13.0,0,2,-0.5609748304808925
801,802,1,2,3,1,0.11651474773374847,1,1,C.A. 31921,26.25,0,2,0.6792945838081278
802,803,1,1,0,0,-1.3611464593501519,1,2,113760,120.0,B96 B98,2,1.299429290952638
803,804,1,3,0,0,-2.1428292378975353,0,1,2625,8.5167,0,0,0.059159876663617696
804,805,1,3,2,0,-0.17901749368303163,0,0,347089,6.975,0,2,-0.5609748304808925
805,806,0,3,2,0,0.11651474773374847,0,0,347063,7.775,0,2,-0.5609748304808925
806,807,0,1,2,0,0.7075792305673086,0,0,112050,0.0,A36,2,-0.5609748304808925
807,808,0,3,1,1,-0.8439650368707868,0,0,347087,7.775,0,2,-0.5609748304808925
808,809,0,2,2,0,0.7075792305673086,0,0,248723,13.0,0,2,-0.5609748304808925
809,810,1,1,3,1,0.2642808684421385,1,0,113806,53.1,E8,2,0.059159876663617696
810,811,0,3,2,0,-0.25290055403722667,0,0,3474,7.8875,0,2,-0.5609748304808925
811,812,0,3,2,0,0.7075792305673086,0,0,A/4 48871,24.15,0,2,-0.5609748304808925
812,813,0,2,2,0,0.41204698915052856,0,0,28206,10.5,0,2,-0.5609748304808925
813,814,0,3,1,1,-1.730561761121127,4,2,347082,31.275,0,2,3.1598334123861687
814,815,0,3,2,0,0.07957321755665096,0,0,364499,8.05,0,2,-0.5609748304808925
815,816,0,1,2,0,0.8982314955042832,0,0,112058,0.0,B102,2,-0.5609748304808925
816,817,0,3,1,1,-0.4745497350998117,0,0,STON/O2. 3101290,7.925,0,2,-0.5609748304808925
817,818,0,2,2,0,0.11651474773374847,1,1,S.C./PARIS 2079,37.0042,0,0,0.6792945838081278
818,819,0,3,2,0,1.0031114719840888,0,0,C 7075,6.45,0,2,-0.5609748304808925
819,820,0,3,0,0,-1.435029519704347,3,2,347088,27.9,0,2,2.5396987052416584
820,821,1,1,3,1,1.668059015171844,1,1,12749,93.5,B69,2,0.6792945838081278
821,822,1,3,2,0,-0.17901749368303163,0,0,315098,8.6625,0,2,-0.5609748304808925
822,823,0,1,4,0,0.6336961702131136,0,0,19972,0.0,0,2,-0.5609748304808925
823,824,1,3,3,1,-0.17901749368303163,0,1,392096,12.475,E121,2,0.059159876663617696
824,825,0,3,0,0,-2.0260940025379073,4,1,3101295,39.6875,0,2,2.5396987052416584
825,826,0,3,2,0,-0.05157728040832834,0,0,368323,6.95,0,1,-0.5609748304808925
826,827,0,3,2,0,-0.05157728040832834,0,0,1601,56.4958,0,2,-0.5609748304808925
827,828,1,2,0,0,-2.099977062892102,0,2,S.C./PARIS 2079,37.0042,0,0,0.6792945838081278
828,829,1,3,2,0,-0.05157728040832834,0,0,367228,7.75,0,1,-0.5609748304808925
829,830,1,1,3,1,2.406889618713794,0,0,113572,80.0,B28,2,-0.5609748304808925
830,831,1,3,3,1,-1.0656142179333719,1,0,2659,14.4542,0,0,0.059159876663617696
831,832,1,2,0,0,-2.1125371831523156,1,1,29106,18.75,0,2,0.6792945838081278
832,833,0,3,2,0,-0.05157728040832834,0,0,2671,7.2292,0,0,-0.5609748304808925
833,834,0,3,2,0,-0.4745497350998117,0,0,347468,7.8542,0,2,-0.5609748304808925
834,835,0,3,2,0,-0.8439650368707868,0,0,2223,8.3,0,2,-0.5609748304808925
835,836,1,1,1,1,0.7075792305673086,1,1,PC 17756,83.1583,E49,0,0.6792945838081278
836,837,0,3,2,0,-0.6223158558082017,0,0,315097,8.6625,0,2,-0.5609748304808925
837,838,0,3,2,0,-0.05157728040832834,0,0,392092,8.05,0,2,-0.5609748304808925
838,839,1,3,2,0,0.1903978080879435,0,0,1601,56.4958,0,2,-0.5609748304808925
839,840,1,1,2,0,0.8982314955042832,0,0,11774,29.7,C47,0,-0.5609748304808925
840,841,0,3,2,0,-0.6961989161623968,0,0,SOTON/O2 3101287,7.925,0,2,-0.5609748304808925
841,842,0,2,2,0,-0.9917311575791768,0,0,S.O./P.P. 3,10.5,0,2,-0.5609748304808925
842,843,1,1,1,1,0.042631687379553446,0,0,113798,31.0,0,0,-0.5609748304808925
843,844,0,3,2,0,0.37510545897343106,0,0,2683,6.4375,0,0,-0.5609748304808925
844,845,0,3,2,0,-0.9178480972249818,0,0,315090,8.6625,0,2,-0.5609748304808925
845,846,0,3,2,0,0.9292284116298937,0,0,C.A. 5547,7.55,0,2,-0.5609748304808925
846,847,0,3,2,0,-0.05157728040832834,8,2,CA. 2343,69.55,0,2,5.64037224096421
847,848,0,3,2,0,0.41204698915052856,0,0,349213,7.8958,0,0,-0.5609748304808925
848,849,0,2,4,0,-0.1051344333288366,0,1,248727,33.0,0,2,0.059159876663617696
849,850,1,1,3,1,0.8466532265281463,1,0,17453,89.1042,C92,0,0.059159876663617696
850,851,0,3,0,0,-1.878327881829517,4,2,347082,31.275,0,2,3.1598334123861687
851,852,0,3,2,0,3.293486342964134,0,0,347060,7.775,0,2,-0.5609748304808925
852,853,0,3,1,1,-1.5089125800585421,1,1,2678,15.2458,0,0,0.6792945838081278
853,854,1,1,1,1,-0.9917311575791768,0,1,PC 17592,39.4,D28,2,0.059159876663617696
854,855,0,2,3,1,1.0769945323382837,1,0,244252,26.0,0,2,0.059159876663617696
855,856,1,3,3,1,-0.8439650368707868,0,1,392091,9.35,0,2,0.059159876663617696
856,857,1,1,3,1,1.1508775926924788,1,1,36928,164.8667,0,2,0.6792945838081278
857,858,1,1,2,0,1.5941759548176488,0,0,113055,26.55,E17,2,-0.5609748304808925
858,859,1,3,3,1,-0.4006666747456167,0,3,2666,19.2583,0,0,1.299429290952638
859,860,0,3,2,0,-0.05157728040832834,0,0,2629,7.2292,0,0,-0.5609748304808925
860,861,0,3,2,0,0.8553453512756987,2,0,350026,14.1083,0,2,0.6792945838081278
861,862,0,2,2,0,-0.6223158558082017,1,0,28134,11.5,0,2,0.059159876663617696
862,863,1,1,3,1,1.372526773755064,0,0,17466,25.9292,D17,2,-0.5609748304808925
863,864,0,3,1,1,-0.9826296211587325,8,2,CA. 2343,69.55,0,2,5.64037224096421
864,865,0,2,2,0,-0.4006666747456167,0,0,233866,13.0,0,2,-0.5609748304808925
865,866,1,2,3,1,0.9292284116298937,0,0,236852,13.0,0,2,-0.5609748304808925
866,867,1,2,1,1,-0.17901749368303163,1,0,SC/PARIS 2149,13.8583,0,0,0.059159876663617696
867,868,0,1,2,0,0.11651474773374847,0,0,PC 17590,50.4958,A24,2,-0.5609748304808925
868,869,0,3,2,0,-0.05157728040832834,0,0,345777,9.5,0,2,-0.5609748304808925
869,870,1,3,0,0,-1.878327881829517,1,1,347742,11.1333,0,2,0.6792945838081278
870,871,0,3,2,0,-0.25290055403722667,0,0,349248,7.8958,0,2,-0.5609748304808925
871,872,1,1,3,1,1.2986437134008688,1,1,11751,52.5542,D35,2,0.6792945838081278
872,873,0,1,2,0,0.2642808684421385,0,0,695,5.0,B51 B53 B55,2,-0.5609748304808925
873,874,0,3,2,0,1.2986437134008688,0,0,345765,9.0,0,2,-0.5609748304808925
874,875,1,2,3,1,-0.1051344333288366,1,0,P/PP 3381,24.0,0,0,0.059159876663617696
875,876,1,3,1,1,-1.0656142179333719,0,0,2667,7.225,0,0,-0.5609748304808925
876,877,0,3,2,0,-0.6961989161623968,0,0,7534,9.8458,0,2,-0.5609748304808925
877,878,0,3,2,0,-0.7700819765165918,0,0,349212,7.8958,0,2,-0.5609748304808925
878,879,0,3,2,0,-0.05157728040832834,0,0,349217,7.8958,0,2,-0.5609748304808925
879,880,1,1,3,1,1.963591256588624,0,1,11767,83.1583,C50,0,0.059159876663617696
880,881,1,2,3,1,-0.3267836143914217,0,1,230433,26.0,0,2,0.059159876663617696
881,882,0,3,2,0,0.2642808684421385,0,0,349257,7.8958,0,2,-0.5609748304808925
882,883,0,3,1,1,-0.5484327954540067,0,0,7552,10.5167,0,2,-0.5609748304808925
883,884,0,2,2,0,-0.1051344333288366,0,0,C.A./SOTON 34068,10.5,0,2,-0.5609748304808925
884,885,0,3,2,0,-0.3267836143914217,0,0,SOTON/OQ 392076,7.05,0,2,-0.5609748304808925
885,886,0,3,3,1,0.7075792305673086,0,5,382652,29.125,0,1,2.5396987052416584
886,887,0,2,4,0,-0.17901749368303163,0,0,211536,13.0,0,2,-0.5609748304808925
887,888,1,1,1,1,-0.7700819765165918,0,0,112053,30.0,B42,2,-0.5609748304808925
888,889,0,3,1,1,-0.9826296211587325,1,2,W./C. 6607,23.45,0,2,1.299429290952638
889,890,1,1,2,0,-0.25290055403722667,0,0,111369,30.0,C148,0,-0.5609748304808925
890,891,0,3,2,0,0.1903978080879435,0,0,370376,7.75,0,1,-0.5609748304808925
